ADAMTS17,7,7,8,7,6,8,7,8,6,7,8,7,8,5,8,6,8,7,7,5,7,8,5,8,6,7,5,7,7,6
MALAT1,-1,-1,-1,-1,-1,-1,-1,-1,-1,-1,-1,-1,-1,-1,-1,-1,-1,-1,-1,-1,-1,-1,-1,-1,-1,-1,-1,-1,-1,-1
CD247,7,7,8,7,6,8,7,8,6,7,8,7,8,5,8,6,8,7,7,5,7,8,5,8,6,7,5,7,7,6
VCAN,12,13,14,13,14,14,12,14,14,12,14,12,14,13,14,14,14,12,12,12,12,14,12,14,14,12,12,13,12,14
GNLY,8,8,9,8,9,9,8,9,9,8,9,8,9,8,9,9,9,8,8,8,8,9,8,9,9,8,8,8,8,9
APOA1,15,16,19,16,19,19,15,19,19,15,19,15,19,16,19,19,19,15,15,15,15,19,15,19,19,15,15,16,15,19
MCTP2,7,7,8,7,6,8,7,8,6,7,8,7,8,5,8,6,8,7,7,5,7,8,5,8,6,7,5,7,7,6
TCF7L2,1,1,3,1,3,3,1,3,3,1,3,1,3,1,3,3,3,1,1,1,1,3,1,3,3,1,1,1,1,3
SLC4A10,-1,-1,-1,-1,-1,-1,-1,-1,-1,-1,-1,-1,-1,-1,-1,-1,-1,-1,-1,-1,-1,-1,-1,-1,-1,-1,-1,-1,-1,-1
PRKCH,3,3,4,3,4,4,3,4,4,3,4,3,4,3,4,4,4,3,3,3,3,4,3,4,4,3,3,3,3,4
NCAM1,7,7,8,7,6,8,7,8,6,7,8,7,8,5,8,6,8,7,7,5,7,8,5,8,6,7,5,7,7,6
NKG7,8,8,9,8,9,9,8,9,9,8,9,8,9,8,9,9,9,8,8,8,8,9,8,9,9,8,8,8,8,9
TOX2,7,7,8,7,6,8,7,8,6,7,8,7,8,5,8,6,8,7,7,5,7,8,5,8,6,7,5,7,7,6
RAP1GAP2,8,8,9,8,9,9,8,9,9,8,9,8,9,8,9,9,9,8,8,8,8,9,8,9,9,8,8,8,8,9
IL7R,9,9,10,9,10,10,9,10,10,9,10,9,10,9,10,10,10,9,9,9,9,10,9,10,10,9,9,9,9,10
THEMIS,4,4,5,4,5,5,4,5,5,4,5,4,5,4,5,5,5,4,4,4,4,5,4,5,5,4,4,4,4,5
B2M,6,6,7,6,8,7,6,7,8,6,7,6,7,7,7,8,7,6,6,7,6,7,7,7,8,6,7,6,6,8
KCNMA1,1,1,1,1,1,1,1,1,1,1,1,1,1,1,1,1,1,1,1,1,1,1,1,1,1,1,1,1,1,1
KLRF1,7,7,8,7,6,8,7,8,6,7,8,7,8,5,8,6,8,7,7,5,7,8,5,8,6,7,5,7,7,6
MTRNR2L8,12,-1,-1,-1,-1,-1,-1,-1,-1,12,-1,12,-1,-1,-1,-1,-1,-1,12,-1,-1,-1,12,-1,-1,12,12,-1,12,-1
INPP4B,9,9,10,9,10,10,9,10,10,9,10,9,10,9,10,10,10,9,9,9,9,10,9,10,10,9,9,9,9,10
FYN,3,3,4,3,4,4,3,4,4,3,4,3,4,3,4,4,4,3,3,3,3,4,3,4,4,3,3,3,3,4
SIGLEC1,1,1,1,1,1,1,1,1,1,1,1,1,1,1,1,1,1,1,1,1,1,1,1,1,1,1,1,1,1,1
TXK,7,7,8,7,6,8,7,8,6,7,8,7,8,5,8,6,8,7,7,5,7,8,5,8,6,7,5,7,7,6
SKAP1,3,3,4,3,4,4,3,4,4,3,4,3,4,3,4,4,4,3,3,3,3,4,3,4,4,3,3,3,3,4
ADAP2,1,1,1,1,1,1,1,1,1,1,1,1,1,1,1,1,1,1,1,1,1,1,1,1,1,1,1,1,1,1
SAMD3,8,8,9,8,9,9,8,9,9,8,9,8,9,8,9,9,9,8,8,8,8,9,8,9,9,8,8,8,8,9
CCND3,4,4,5,4,5,5,4,5,5,4,5,4,5,4,5,5,5,4,4,4,4,5,4,5,5,4,4,4,4,5
AUTS2,7,7,8,7,6,8,7,8,6,7,8,7,8,5,8,6,8,7,7,5,7,8,5,8,6,7,5,7,7,6
SLC11A1,12,13,14,13,14,14,12,14,14,12,14,12,14,13,14,14,14,12,12,12,12,14,12,14,14,12,12,13,12,14
MTSS1,1,1,3,1,3,3,1,3,3,1,3,1,3,1,3,3,3,1,1,1,1,3,1,3,3,1,1,1,1,3
SYNE2,4,4,5,4,5,5,4,5,5,4,5,4,5,4,5,5,5,4,4,4,4,5,4,5,5,4,4,4,4,5
PARP8,3,3,4,3,4,4,3,4,4,3,4,3,4,3,4,4,4,3,3,3,3,4,3,4,4,3,3,3,3,4
BCL11B,4,4,5,4,5,5,4,5,5,4,5,4,5,4,5,5,5,4,4,4,4,5,4,5,5,4,4,4,4,5
IL2RB,7,7,8,7,6,8,7,8,6,7,8,7,8,5,8,6,8,7,7,5,7,8,5,8,6,7,5,7,7,6
FRMD4B,1,1,1,1,1,1,1,1,1,1,1,1,1,1,1,1,1,1,1,1,1,1,1,1,1,1,1,1,1,1
FCN1,12,13,14,13,14,14,12,14,14,12,14,12,14,13,14,14,14,12,12,12,12,14,12,14,14,12,12,13,12,14
FRMD4A,1,1,1,1,1,1,1,1,1,1,1,1,1,1,1,1,1,1,1,1,1,1,1,1,1,1,1,1,1,1
AC079793.1,-1,-1,-1,-1,-1,-1,-1,-1,-1,-1,-1,-1,-1,-1,-1,-1,-1,-1,-1,-1,-1,-1,-1,-1,-1,-1,-1,-1,-1,-1
APOA2,15,16,19,16,19,19,15,19,19,15,19,15,19,16,19,19,19,15,15,15,15,19,15,19,19,15,15,16,15,19
LRMDA,1,5,3,5,3,3,1,3,3,1,3,1,3,6,3,3,3,1,1,1,1,3,1,3,3,1,1,5,1,3
SYNE1,8,8,9,8,9,9,8,9,9,8,9,8,9,8,9,9,9,8,8,8,8,9,8,9,9,8,8,8,8,9
AOAH,7,7,8,7,6,8,7,8,6,7,8,7,8,5,8,6,8,7,7,5,7,8,5,8,6,7,5,7,7,6
RBM47,1,1,1,1,1,1,1,1,1,1,1,1,1,1,1,1,1,1,1,1,1,1,1,1,1,1,1,1,1,1
CAMK4,9,9,10,9,10,10,9,10,10,9,10,9,10,9,10,10,10,9,9,9,9,10,9,10,10,9,9,9,9,10
CD163,1,1,1,1,1,1,1,1,1,1,1,1,1,1,1,1,1,1,1,1,1,1,1,1,1,1,1,1,1,1
KLRD1,7,7,8,7,6,8,7,8,6,7,8,7,8,5,8,6,8,7,7,5,7,8,5,8,6,7,5,7,7,6
RGL1,1,1,1,1,1,1,1,1,1,1,1,1,1,1,1,1,1,1,1,1,1,1,1,1,1,1,1,1,1,1
CARD11,3,3,4,3,4,4,3,4,4,3,4,3,4,3,4,4,4,3,3,3,3,4,3,4,4,3,3,3,3,4
FMNL2,1,1,1,1,1,1,1,1,1,1,1,1,1,1,1,1,1,1,1,1,1,1,1,1,1,1,1,1,1,1
ETS1,3,3,4,3,4,4,3,4,4,3,4,3,4,3,4,4,4,3,3,3,3,4,3,4,4,3,3,3,3,4
NCR1,7,7,8,7,6,8,7,8,6,7,8,7,8,5,8,6,8,7,7,5,7,8,5,8,6,7,5,7,7,6
ARHGAP15,9,9,10,9,10,10,9,10,10,9,10,9,10,9,10,10,10,9,9,9,9,10,9,10,10,9,9,9,9,10
CD96,3,3,4,3,4,4,3,4,4,3,4,3,4,3,4,4,4,3,3,3,3,4,3,4,4,3,3,3,3,4
AC105402.3,12,-1,-1,-1,-1,-1,-1,-1,-1,12,-1,12,-1,-1,-1,-1,-1,-1,12,-1,-1,-1,12,-1,-1,12,12,-1,12,-1
DST,1,1,1,1,1,1,1,1,1,1,1,1,1,1,1,1,1,1,1,1,1,1,1,1,1,1,1,1,1,1
PITPNC1,3,3,4,3,4,4,3,4,4,3,4,3,4,3,4,4,4,3,3,3,3,4,3,4,4,3,3,3,3,4
RRM2,2,2,2,2,2,2,2,2,2,2,2,2,2,2,2,2,2,2,2,2,2,2,2,2,2,2,2,2,2,2
TNFAIP2,1,1,1,1,1,1,1,1,1,1,1,1,1,1,1,1,1,1,1,1,1,1,1,1,1,1,1,1,1,1
TOX,3,3,4,3,4,4,3,4,4,3,4,3,4,3,4,4,4,3,3,3,3,4,3,4,4,3,3,3,3,4
ALB,15,16,19,16,19,19,15,19,19,15,19,15,19,16,19,19,19,15,15,15,15,19,15,19,19,15,15,16,15,19
RIPOR2,-1,-1,-1,-1,-1,-1,-1,-1,-1,-1,-1,-1,-1,-1,-1,-1,-1,-1,-1,-1,-1,-1,-1,-1,-1,-1,-1,-1,-1,-1
SDC3,1,1,1,1,1,1,1,1,1,1,1,1,1,1,1,1,1,1,1,1,1,1,1,1,1,1,1,1,1,1
SAT1,1,1,1,1,1,1,1,1,1,1,1,1,1,1,1,1,1,1,1,1,1,1,1,1,1,1,1,1,1,1
DAPK1,1,1,1,1,1,1,1,1,1,1,1,1,1,1,1,1,1,1,1,1,1,1,1,1,1,1,1,1,1,1
SYTL3,3,3,4,3,4,4,3,4,4,3,4,3,4,3,4,4,4,3,3,3,3,4,3,4,4,3,3,3,3,4
TBXAS1,1,1,3,1,3,3,1,3,3,1,3,1,3,1,3,3,3,1,1,1,1,3,1,3,3,1,1,1,1,3
CIITA,13,15,17,15,17,17,13,17,17,13,17,13,17,15,17,17,17,13,13,13,13,17,13,17,17,13,13,15,13,17
APOC3,15,16,19,16,19,19,15,19,19,15,19,15,19,16,19,19,19,15,15,15,15,19,15,19,19,15,15,16,15,19
PYHIN1,8,8,9,8,9,9,8,9,9,8,9,8,9,8,9,9,9,8,8,8,8,9,8,9,9,8,8,8,8,9
DOCK4,1,1,1,1,1,1,1,1,1,1,1,1,1,1,1,1,1,1,1,1,1,1,1,1,1,1,1,1,1,1
LTB,9,9,10,9,10,10,9,10,10,9,10,9,10,9,10,10,10,9,9,9,9,10,9,10,10,9,9,9,9,10
LYN,11,11,3,11,3,3,11,3,3,11,3,11,3,11,3,3,3,11,11,11,11,3,11,3,3,11,11,11,11,3
PLXDC2,5,12,12,12,12,12,5,12,12,5,12,5,12,12,12,12,12,5,5,6,5,12,6,12,12,5,6,12,5,12
PLCB1,-1,-1,-1,-1,6,-1,-1,-1,6,-1,-1,-1,-1,5,-1,6,-1,-1,-1,5,-1,-1,5,-1,6,-1,5,-1,-1,6
BCL2,9,9,10,9,10,10,9,10,10,9,10,9,10,9,10,10,10,9,9,9,9,10,9,10,10,9,9,9,9,10
SLFN12L,3,3,4,3,4,4,3,4,4,3,4,3,4,3,4,4,4,3,3,3,3,4,3,4,4,3,3,3,3,4
TC2N,4,4,5,4,5,5,4,5,5,4,5,4,5,4,5,5,5,4,4,4,4,5,4,5,5,4,4,4,4,5
CBLB,3,3,4,3,4,4,3,4,4,3,4,3,4,3,4,4,4,3,3,3,3,4,3,4,4,3,3,3,3,4
HLA-B,6,6,7,6,8,7,6,7,8,6,7,6,7,7,7,8,7,6,6,7,6,7,7,7,8,6,7,6,6,8
ITGAL,-1,-1,-1,-1,-1,-1,-1,-1,-1,-1,-1,-1,-1,-1,-1,-1,-1,-1,-1,-1,-1,-1,-1,-1,-1,-1,-1,-1,-1,-1
DMXL2,1,1,1,1,1,1,1,1,1,1,1,1,1,1,1,1,1,1,1,1,1,1,1,1,1,1,1,1,1,1
PRF1,8,8,9,8,9,9,8,9,9,8,9,8,9,8,9,9,9,8,8,8,8,9,8,9,9,8,8,8,8,9
SPON2,8,8,9,8,9,9,8,9,9,8,9,8,9,8,9,9,9,8,8,8,8,9,8,9,9,8,8,8,8,9
STAT4,3,3,4,3,4,4,3,4,4,3,4,3,4,3,4,4,4,3,3,3,3,4,3,4,4,3,3,3,3,4
APOE,15,16,19,16,19,19,15,19,19,15,19,15,19,16,19,19,19,15,15,15,15,19,15,19,19,15,15,16,15,19
ABR,1,5,3,5,3,3,1,3,3,1,3,1,3,6,3,3,3,1,1,1,1,3,1,3,3,1,1,5,1,3
ITGA9,1,1,1,1,1,1,1,1,1,1,1,1,1,1,1,1,1,1,1,1,1,1,1,1,1,1,1,1,1,1
MBNL1,4,4,5,4,5,5,4,5,5,4,5,4,5,4,5,5,5,4,4,4,4,5,4,5,5,4,4,4,4,5
LGMN,1,1,1,1,1,1,1,1,1,1,1,1,1,1,1,1,1,1,1,1,1,1,1,1,1,1,1,1,1,1
LINGO2,7,7,8,7,6,8,7,8,6,7,8,7,8,5,8,6,8,7,7,5,7,8,5,8,6,7,5,7,7,6
VCAN-AS1,12,13,14,13,14,14,12,14,14,12,14,12,14,13,14,14,14,12,12,12,12,14,12,14,14,12,12,13,12,14
CTSB,1,1,1,1,1,1,1,1,1,1,1,1,1,1,1,1,1,1,1,1,1,1,1,1,1,1,1,1,1,1
CNOT6L,3,3,4,3,4,4,3,4,4,3,4,3,4,3,4,4,4,3,3,3,3,4,3,4,4,3,3,3,3,4
BNC2,7,7,8,7,6,8,7,8,6,7,8,7,8,5,8,6,8,7,7,5,7,8,5,8,6,7,5,7,7,6
LEF1,9,9,10,9,10,10,9,10,10,9,10,9,10,9,10,10,10,9,9,9,9,10,9,10,10,9,9,9,9,10
EPB41L2,1,1,1,1,1,1,1,1,1,1,1,1,1,1,1,1,1,1,1,1,1,1,1,1,1,1,1,1,1,1
WSB1,1,1,1,1,1,1,1,1,1,1,1,1,1,1,1,1,1,1,1,1,1,1,1,1,1,1,1,1,1,1
MYBL1,3,3,4,3,4,4,3,4,4,3,4,3,4,3,4,4,4,3,3,3,3,4,3,4,4,3,3,3,3,4
HP,15,16,19,16,19,19,15,19,19,15,19,15,19,16,19,19,19,15,15,15,15,19,15,19,19,15,15,16,15,19
TGFBR3,8,8,9,8,9,9,8,9,9,8,9,8,9,8,9,9,9,8,8,8,8,9,8,9,9,8,8,8,8,9
AL031599.1,7,7,8,7,6,8,7,8,6,7,8,7,8,5,8,6,8,7,7,5,7,8,5,8,6,7,5,7,7,6
LILRB5,1,1,1,1,1,1,1,1,1,1,1,1,1,1,1,1,1,1,1,1,1,1,1,1,1,1,1,1,1,1
TTC39C,9,9,10,9,10,10,9,10,10,9,10,9,10,9,10,10,10,9,9,9,9,10,9,10,10,9,9,9,9,10
ADAMTS2,1,1,1,1,1,1,1,1,1,1,1,1,1,1,1,1,1,1,1,1,1,1,1,1,1,1,1,1,1,1
ITSN1,1,1,1,1,1,1,1,1,1,1,1,1,1,1,1,1,1,1,1,1,1,1,1,1,1,1,1,1,1,1
EXT1,1,1,1,1,1,1,1,1,1,1,1,1,1,1,1,1,1,1,1,1,1,1,1,1,1,1,1,1,1,1
WDFY4,13,15,17,15,17,17,13,17,17,13,17,13,17,15,17,17,17,13,13,13,13,17,13,17,17,13,13,15,13,17
SLC8A1,5,5,6,5,7,6,5,6,7,5,6,5,6,6,6,7,6,5,5,6,5,6,6,6,7,5,6,5,5,7
S100A4,6,6,7,6,8,7,6,7,8,6,7,6,7,7,7,8,7,6,6,7,6,7,7,7,8,6,7,6,6,8
PTPRC,-1,-1,-1,-1,-1,-1,-1,-1,-1,-1,-1,-1,-1,-1,-1,-1,-1,-1,-1,-1,-1,-1,-1,-1,-1,-1,-1,-1,-1,-1
ANK3,9,9,10,9,10,10,9,10,10,9,10,9,10,9,10,10,10,9,9,9,9,10,9,10,10,9,9,9,9,10
IRAK3,5,12,12,12,12,12,5,12,12,5,12,5,12,12,12,12,12,5,5,6,5,12,6,12,12,5,6,12,5,12
ADAM12,-1,-1,-1,-1,-1,-1,-1,-1,-1,-1,-1,-1,-1,-1,-1,-1,-1,-1,-1,-1,-1,-1,-1,-1,-1,-1,-1,-1,-1,-1
LINC00861,-1,-1,-1,-1,-1,-1,-1,-1,-1,-1,-1,-1,-1,-1,-1,-1,-1,-1,-1,-1,-1,-1,-1,-1,-1,-1,-1,-1,-1,-1
PPP1R16B,3,3,4,3,4,4,3,4,4,3,4,3,4,3,4,4,4,3,3,3,3,4,3,4,4,3,3,3,3,4
ZFHX3,1,5,3,5,3,3,1,3,3,1,3,1,3,6,3,3,3,1,1,1,1,3,1,3,3,1,1,5,1,3
MERTK,1,1,1,1,1,1,1,1,1,1,1,1,1,1,1,1,1,1,1,1,1,1,1,1,1,1,1,1,1,1
HLA-A,6,6,7,6,8,7,6,7,8,6,7,6,7,7,7,8,7,6,6,7,6,7,7,7,8,6,7,6,6,8
ZNF710,1,5,3,5,3,3,1,3,3,1,3,1,3,6,3,3,3,1,1,1,1,3,1,3,3,1,1,5,1,3
FCHO2,1,1,1,1,1,1,1,1,1,1,1,1,1,1,1,1,1,1,1,1,1,1,1,1,1,1,1,1,1,1
FLT3,13,15,17,15,17,17,13,17,17,13,17,13,17,15,17,17,17,13,13,13,13,17,13,17,17,13,13,15,13,17
LDB2,7,7,8,7,6,8,7,8,6,7,8,7,8,5,8,6,8,7,7,5,7,8,5,8,6,7,5,7,7,6
ABCA1,1,1,1,1,1,1,1,1,1,1,1,1,1,1,1,1,1,1,1,1,1,1,1,1,1,1,1,1,1,1
IL23R,-1,-1,-1,-1,-1,-1,-1,-1,-1,-1,-1,-1,-1,-1,-1,-1,-1,-1,-1,-1,-1,-1,-1,-1,-1,-1,-1,-1,-1,-1
PTPRD,7,7,8,7,6,8,7,8,6,7,8,7,8,5,8,6,8,7,7,5,7,8,5,8,6,7,5,7,7,6
ITGAX,-1,-1,15,-1,15,15,11,15,15,-1,15,-1,15,-1,15,15,15,11,-1,11,11,15,-1,15,15,-1,-1,-1,-1,15
HCK,11,11,3,11,3,3,11,3,3,11,3,11,3,11,3,3,3,11,11,11,11,3,11,3,3,11,11,11,11,3
PDE7A,4,4,5,4,5,5,4,5,5,4,5,4,5,4,5,5,5,4,4,4,4,5,4,5,5,4,4,4,4,5
CDC14A,9,9,10,9,10,10,9,10,10,9,10,9,10,9,10,10,10,9,9,9,9,10,9,10,10,9,9,9,9,10
CCDC26,1,1,1,1,1,1,1,1,1,1,1,1,1,1,1,1,1,1,1,1,1,1,1,1,1,1,1,1,1,1
CTSS,5,12,12,12,12,12,5,12,12,5,12,5,12,12,12,12,12,5,5,6,5,12,6,12,12,5,6,12,5,12
DSCAM,1,1,1,1,1,1,1,1,1,1,1,1,1,1,1,1,1,1,1,1,1,1,1,1,1,1,1,1,1,1
KCNQ5,3,3,4,3,4,4,3,4,4,3,4,3,4,3,4,4,4,3,3,3,3,4,3,4,4,3,3,3,3,4
MNDA,12,13,14,13,14,14,12,14,14,12,14,12,14,13,14,14,14,12,12,12,12,14,12,14,14,12,12,13,12,14
APOC1,15,16,19,16,19,19,15,19,19,15,19,15,19,16,19,19,19,15,15,15,15,19,15,19,19,15,15,16,15,19
DYSF,1,1,1,1,1,1,1,1,1,1,1,1,1,1,1,1,1,1,1,1,1,1,1,1,1,1,1,1,1,1
WDFY3,5,5,1,5,1,1,5,1,1,5,1,5,1,6,1,1,1,5,5,6,5,1,6,1,1,5,6,5,5,1
NCALD,7,7,8,7,4,8,7,8,4,7,8,7,8,3,8,4,8,7,7,3,7,8,3,8,4,7,3,7,7,4
LINC00299,7,7,8,7,6,8,7,8,6,7,8,7,8,5,8,6,8,7,7,5,7,8,5,8,6,7,5,7,7,6
STK17A,3,3,4,3,4,4,3,4,4,3,4,3,4,3,4,4,4,3,3,3,3,4,3,4,4,3,3,3,3,4
IKZF3,3,3,4,3,4,4,3,4,4,3,4,3,4,3,4,4,4,3,3,3,3,4,3,4,4,3,3,3,3,4
ITK,9,9,10,9,10,10,9,10,10,9,10,9,10,9,10,10,10,9,9,9,9,10,9,10,10,9,9,9,9,10
PTPRJ,1,1,3,1,3,3,1,3,3,1,3,1,3,1,3,3,3,1,1,1,1,3,1,3,3,1,1,1,1,3
CSF3R,5,12,12,12,12,12,5,12,12,5,12,5,12,12,12,12,12,5,5,6,5,12,6,12,12,5,6,12,5,12
ZEB2,5,12,12,12,12,12,5,12,12,5,12,5,12,12,12,12,12,5,5,6,5,12,6,12,12,5,6,12,5,12
COLQ,-1,-1,-1,-1,6,-1,-1,-1,6,-1,-1,-1,-1,5,-1,6,-1,-1,-1,5,-1,-1,5,-1,6,-1,5,-1,-1,6
SASH1,1,1,1,1,1,1,1,1,1,1,1,1,1,1,1,1,1,1,1,1,1,1,1,1,1,1,1,1,1,1
IL32,6,6,7,6,8,7,6,7,8,6,7,6,7,7,7,8,7,6,6,7,6,7,7,7,8,6,7,6,6,8
SLCO2B1,1,1,1,1,1,1,1,1,1,1,1,1,1,1,1,1,1,1,1,1,1,1,1,1,1,1,1,1,1,1
AXL,1,1,1,1,1,1,1,1,1,1,1,1,1,1,1,1,1,1,1,1,1,1,1,1,1,1,1,1,1,1
TMSB4X,6,6,7,6,8,7,6,7,8,6,7,6,7,7,7,8,7,6,6,7,6,7,7,7,8,6,7,6,6,8
LZTFL1,7,7,8,7,6,8,7,8,6,7,8,7,8,5,8,6,8,7,7,5,7,8,5,8,6,7,5,7,7,6
DPYD,5,12,12,12,12,12,5,12,12,5,12,5,12,12,12,12,12,5,5,6,5,12,6,12,12,5,6,12,5,12
GRAP2,4,4,5,4,5,5,4,5,5,4,5,4,5,4,5,5,5,4,4,4,4,5,4,5,5,4,4,4,4,5
CBFA2T3,13,15,17,15,17,17,13,17,17,13,17,13,17,15,17,17,17,13,13,13,13,17,13,17,17,13,13,15,13,17
GRK3,5,5,6,5,7,6,5,6,7,5,6,5,6,6,6,7,6,5,5,6,5,6,6,6,7,5,6,5,5,7
APBA2,3,3,4,3,4,4,3,4,4,3,4,3,4,3,4,4,4,3,3,3,3,4,3,4,4,3,3,3,3,4
MRC1,1,1,1,1,1,1,1,1,1,1,1,1,1,1,1,1,1,1,1,1,1,1,1,1,1,1,1,1,1,1
UBE2E2,5,5,6,5,7,6,5,6,7,5,6,5,6,6,6,7,6,5,5,6,5,6,6,6,7,5,6,5,5,7
FMN1,10,10,11,10,11,11,10,11,11,10,11,10,11,10,11,11,11,10,10,10,10,11,10,11,11,10,10,10,10,11
SERPINA1,15,16,19,16,19,19,15,19,19,15,19,15,19,16,19,19,19,15,15,15,15,19,15,19,19,15,15,16,15,19
LST1,11,11,16,11,16,16,11,16,16,11,16,11,16,11,16,16,16,11,11,11,11,16,11,16,16,11,11,11,11,16
PPP2R2B,3,3,4,3,4,4,3,4,4,3,4,3,4,3,4,4,4,3,3,3,3,4,3,4,4,3,3,3,3,4
P2RY8,4,4,5,4,5,5,4,5,5,4,5,4,5,4,5,5,5,4,4,4,4,5,4,5,5,4,4,4,4,5
EEF1A1,6,6,7,6,8,7,6,7,8,6,7,6,7,7,7,8,7,6,6,7,6,7,7,7,8,6,7,6,6,8
PDGFD,3,3,4,3,4,4,3,4,4,3,4,3,4,3,4,4,4,3,3,3,3,4,3,4,4,3,3,3,3,4
SLC9A9,1,1,1,1,1,1,1,1,1,1,1,1,1,1,1,1,1,1,1,1,1,1,1,1,1,1,1,1,1,1
CSF1R,1,1,3,1,3,3,1,3,3,1,3,1,3,1,3,3,3,1,1,1,1,3,1,3,3,1,1,1,1,3
SNX29,1,5,3,5,3,3,1,3,3,1,3,1,3,6,3,3,3,1,1,1,1,3,1,3,3,1,1,5,1,3
STK39,3,3,4,3,4,4,3,4,4,3,4,3,4,3,4,4,4,3,3,3,3,4,3,4,4,3,3,3,3,4
SFMBT2,7,7,8,7,-1,8,7,8,-1,7,8,7,8,-1,8,6,8,7,7,-1,7,8,-1,8,-1,7,5,7,7,-1
GAS7,-1,-1,15,-1,15,15,11,15,15,-1,15,-1,15,-1,15,15,15,11,-1,11,11,15,-1,15,15,-1,-1,-1,-1,15
CPVL,5,5,6,5,7,6,5,6,7,5,6,5,6,6,6,7,6,5,5,6,5,6,6,6,7,5,6,5,5,7
NAMPT,14,14,18,14,18,18,14,18,18,14,18,14,18,14,18,18,18,14,14,14,14,18,14,18,18,14,14,14,14,18
XYLT1,12,-1,16,-1,16,16,11,16,16,12,16,12,16,-1,16,16,16,11,12,11,11,16,12,16,16,12,12,-1,12,16
MSR1,10,10,11,10,11,11,10,11,11,10,11,10,11,10,11,11,11,10,10,10,10,11,10,11,11,10,10,10,10,11
FGD2,1,1,3,1,3,3,1,3,3,1,3,1,3,1,3,3,3,1,1,1,1,3,1,3,3,1,1,1,1,3
CHST15,11,11,3,11,3,3,11,3,3,11,3,11,3,11,3,3,3,11,11,11,11,3,11,3,3,11,11,11,11,3
ANKRD44,4,4,5,4,5,5,4,5,5,4,5,4,5,4,5,5,5,4,4,4,4,5,4,5,5,4,4,4,4,5
LCK,4,4,5,4,5,5,4,5,5,4,5,4,5,4,5,5,5,4,4,4,4,5,4,5,5,4,4,4,4,5
GRIK4,7,7,8,7,6,8,7,8,6,7,8,7,8,5,8,6,8,7,7,5,7,8,5,8,6,7,5,7,7,6
PDGFC,1,1,1,1,1,1,1,1,1,1,1,1,1,1,1,1,1,1,1,1,1,1,1,1,1,1,1,1,1,1
S100Z,11,11,16,11,16,16,11,16,16,11,16,11,16,11,16,16,16,11,11,11,11,16,11,16,16,11,11,11,11,16
CELF2,3,3,4,3,4,4,3,4,4,3,4,3,4,3,4,4,4,3,3,3,3,4,3,4,4,3,3,3,3,4
LYST,12,-1,16,-1,16,16,11,16,16,12,16,12,16,-1,16,16,16,11,12,11,11,16,12,16,16,12,12,-1,12,16
RCN3,1,1,1,1,1,1,1,1,1,1,1,1,1,1,1,1,1,1,1,1,1,1,1,1,1,1,1,1,1,1
QKI,5,5,6,5,7,6,5,6,7,5,6,5,6,6,6,7,6,5,5,6,5,6,6,6,7,5,6,5,5,7
LRP1,1,5,3,5,3,3,1,3,3,1,3,1,3,6,3,3,3,1,1,1,1,3,1,3,3,1,1,5,1,3
GAB2,5,5,6,5,7,6,5,6,7,5,6,5,6,6,6,7,6,5,5,6,5,6,6,6,7,5,6,5,5,7
NCKAP5,1,1,1,1,1,1,1,1,1,1,1,1,1,1,1,1,1,1,1,1,1,1,1,1,1,1,1,1,1,1
FTL,15,16,19,16,19,19,15,19,19,15,19,15,19,16,19,19,19,15,15,15,15,19,15,19,19,15,15,16,15,19
MS4A6A,1,1,1,1,1,1,1,1,1,1,1,1,1,1,1,1,1,1,1,1,1,1,1,1,1,1,1,1,1,1
KLRK1,3,3,4,3,4,4,3,4,4,3,4,3,4,3,4,4,4,3,3,3,3,4,3,4,4,3,3,3,3,4
TRPV4,1,1,1,1,1,1,1,1,1,1,1,1,1,1,1,1,1,1,1,1,1,1,1,1,1,1,1,1,1,1
ZBTB16,7,7,8,7,6,8,7,8,6,7,8,7,8,5,8,6,8,7,7,5,7,8,5,8,6,7,5,7,7,6
FCGRT,1,1,1,1,1,1,1,1,1,1,1,1,1,1,1,1,1,1,1,1,1,1,1,1,1,1,1,1,1,1
LRRK2,12,13,14,13,14,14,12,14,14,12,14,12,14,13,14,14,14,12,12,12,12,14,12,14,14,12,12,13,12,14
SLC38A1,4,4,5,4,5,5,4,5,5,4,5,4,5,4,5,5,5,4,4,4,4,5,4,5,5,4,4,4,4,5
RAB31,5,5,6,5,7,6,5,6,7,5,6,5,6,6,6,7,6,5,5,6,5,6,6,6,7,5,6,5,5,7
PDE3B,9,9,10,9,10,10,9,10,10,9,10,9,10,9,10,10,10,9,9,9,9,10,9,10,10,9,9,9,9,10
NDST3,1,1,1,1,1,1,1,1,1,1,1,1,1,1,1,1,1,1,1,1,1,1,1,1,1,1,1,1,1,1
HLA-C,6,6,7,6,8,7,6,7,8,6,7,6,7,7,7,8,7,6,6,7,6,7,7,7,8,6,7,6,6,8
RABGAP1L,3,3,4,3,4,4,3,4,4,3,4,3,4,3,4,4,4,3,3,3,3,4,3,4,4,3,3,3,3,4
CSF2RA,13,15,17,15,17,17,13,17,17,13,17,13,17,15,17,17,17,13,13,13,13,17,13,17,17,13,13,15,13,17
SLC1A3,10,10,11,10,11,11,10,11,11,10,11,10,11,10,11,11,11,10,10,10,10,11,10,11,11,10,10,10,10,11
LINC01524,-1,-1,-1,-1,-1,-1,-1,-1,-1,-1,-1,-1,-1,-1,-1,-1,-1,-1,-1,-1,-1,-1,-1,-1,-1,-1,-1,-1,-1,-1
PRKCQ,4,4,5,4,5,5,4,5,5,4,5,4,5,4,5,5,5,4,4,4,4,5,4,5,5,4,4,4,4,5
MYO1F,-1,-1,-1,-1,-1,-1,-1,-1,-1,-1,-1,-1,-1,-1,-1,-1,-1,-1,-1,-1,-1,-1,-1,-1,-1,-1,-1,-1,-1,-1
DENND1A,5,5,6,5,7,6,5,6,7,5,6,5,6,6,6,7,6,5,5,6,5,6,6,6,7,5,6,5,5,7
CTBP2,7,7,8,7,6,8,7,8,6,7,8,7,8,5,8,6,8,7,7,5,7,8,5,8,6,7,5,7,7,6
CMKLR1,1,1,1,1,1,1,1,1,1,1,1,1,1,1,1,1,1,1,1,1,1,1,1,1,1,1,1,1,1,1
CCL5,6,6,7,6,8,7,6,7,8,6,7,6,7,7,7,8,7,6,6,7,6,7,7,7,8,6,7,6,6,8
ATP8B4,-1,-1,-1,-1,-1,-1,-1,-1,-1,-1,-1,-1,-1,-1,-1,-1,-1,-1,-1,-1,-1,-1,-1,-1,-1,-1,-1,-1,-1,-1
C1orf21,8,8,9,8,9,9,8,9,9,8,9,8,9,8,9,9,9,8,8,8,8,9,8,9,9,8,8,8,8,9
GZMB,8,8,9,8,9,9,8,9,9,8,9,8,9,8,9,9,9,8,8,8,8,9,8,9,9,8,8,8,8,9
RTN1,5,12,12,12,12,12,5,12,12,5,12,5,12,12,12,12,12,5,5,6,5,12,6,12,12,5,6,12,5,12
PIP4K2A,3,3,4,3,4,4,3,4,4,3,4,3,4,3,4,4,4,3,3,3,3,4,3,4,4,3,3,3,3,4
DTHD1,3,3,4,3,4,4,3,4,4,3,4,3,4,3,4,4,4,3,3,3,3,4,3,4,4,3,3,3,3,4
LINC01934,4,4,5,4,5,5,4,5,5,4,5,4,5,4,5,5,5,4,4,4,4,5,4,5,5,4,4,4,4,5
ETV6,1,5,15,5,15,15,1,15,15,1,15,1,15,6,15,15,15,1,1,1,1,15,1,15,15,1,1,5,1,15
CASK,4,4,5,4,5,5,4,5,5,4,5,4,5,4,5,5,5,4,4,4,4,5,4,5,5,4,4,4,4,5
PID1,5,5,6,5,7,6,5,6,7,5,6,5,6,6,6,7,6,5,5,6,5,6,6,6,7,5,6,5,5,7
ARHGAP26,12,13,-1,13,-1,-1,12,-1,-1,12,-1,12,-1,13,-1,-1,-1,12,12,12,12,-1,12,-1,-1,12,12,13,12,-1
TNS3,1,5,3,5,3,3,1,3,3,1,3,1,3,6,3,3,3,1,1,1,1,3,1,3,3,1,1,5,1,3
MS4A7,1,1,1,1,1,1,1,1,1,1,1,1,1,1,1,1,1,1,1,1,1,1,1,1,1,1,1,1,1,1
NR1H3,1,1,1,1,1,1,1,1,1,1,1,1,1,1,1,1,1,1,1,1,1,1,1,1,1,1,1,1,1,1
SULF2,13,15,17,15,17,17,13,17,17,13,17,13,17,15,17,17,17,13,13,13,13,17,13,17,17,13,13,15,13,17
MARCO,1,1,1,1,1,1,1,1,1,1,1,1,1,1,1,1,1,1,1,1,1,1,1,1,1,1,1,1,1,1
ACTB,6,6,7,6,8,7,6,7,8,6,7,6,7,7,7,8,7,6,6,7,6,7,7,7,8,6,7,6,6,8
ME1,1,1,1,1,1,1,1,1,1,1,1,1,1,1,1,1,1,1,1,1,1,1,1,1,1,1,1,1,1,1
MITF,10,10,11,10,11,11,10,11,11,10,11,10,11,10,11,11,11,10,10,10,10,11,10,11,11,10,10,10,10,11
CD163L1,1,1,1,1,1,1,1,1,1,1,1,1,1,1,1,1,1,1,1,1,1,1,1,1,1,1,1,1,1,1
PALD1,13,15,17,15,17,17,13,17,17,13,17,13,17,15,17,17,17,13,13,13,13,17,13,17,17,13,13,15,13,17
LDLRAD4,1,5,15,5,15,15,1,15,15,1,15,1,15,6,15,15,15,1,1,1,1,15,1,15,15,1,1,5,1,15
PTGDR,3,3,4,3,4,4,3,4,4,3,4,3,4,3,4,4,4,3,3,3,3,4,3,4,4,3,3,3,3,4
CD2,4,4,5,4,5,5,4,5,5,4,5,4,5,4,5,5,5,4,4,4,4,5,4,5,5,4,4,4,4,5
ARRB1,11,11,3,11,3,3,11,3,3,11,3,11,3,11,3,3,3,11,11,11,11,3,11,3,3,11,11,11,11,3
FKBP5,14,14,18,14,18,18,14,18,18,14,18,14,18,14,18,18,18,14,14,14,14,18,14,18,18,14,14,14,14,18
KYNU,5,12,12,12,12,12,5,12,12,5,12,5,12,12,12,12,12,5,5,6,5,12,6,12,12,5,6,12,5,12
AF165147.1,3,3,4,3,4,4,3,4,4,3,4,3,4,3,4,4,4,3,3,3,3,4,3,4,4,3,3,3,3,4
LINC02694,9,9,10,9,10,10,9,10,10,9,10,9,10,9,10,10,10,9,9,9,9,10,9,10,10,9,9,9,9,10
PTPRE,1,5,15,5,15,15,1,15,15,1,15,1,15,6,15,15,15,1,1,1,1,15,1,15,15,1,1,5,1,15
KIF18B,2,2,2,2,2,2,2,2,2,2,2,2,2,2,2,2,2,2,2,2,2,2,2,2,2,2,2,2,2,2
RAB20,1,1,1,1,1,1,1,1,1,1,1,1,1,1,1,1,1,1,1,1,1,1,1,1,1,1,1,1,1,1
NRP1,1,1,1,1,1,1,1,1,1,1,1,1,1,1,1,1,1,1,1,1,1,1,1,1,1,1,1,1,1,1
CREB5,12,13,14,13,14,14,12,14,14,12,14,12,14,13,14,14,14,12,12,12,12,14,12,14,14,12,12,13,12,14
LINC02384,8,8,9,8,9,9,8,9,9,8,9,8,9,8,9,9,9,8,8,8,8,9,8,9,9,8,8,8,8,9
FAU,6,6,7,6,8,7,6,7,8,6,7,6,7,7,7,8,7,6,6,7,6,7,7,7,8,6,7,6,6,8
KLF12,4,4,5,4,5,5,4,5,5,4,5,4,5,4,5,5,5,4,4,4,4,5,4,5,5,4,4,4,4,5
RUNX2,-1,-1,-1,-1,-1,-1,-1,-1,-1,-1,-1,-1,-1,-1,-1,-1,-1,-1,-1,-1,-1,-1,-1,-1,-1,-1,-1,-1,-1,-1
MCTP1,5,5,6,5,7,6,5,6,7,5,6,5,6,6,6,7,6,5,5,6,5,6,6,6,7,5,6,5,5,7
RXRA,1,-1,-1,-1,-1,-1,1,-1,-1,1,-1,1,-1,-1,-1,-1,-1,1,1,1,1,-1,1,-1,-1,1,1,-1,1,-1
CDC42SE2,4,4,5,4,5,5,4,5,5,4,5,4,5,4,5,5,5,4,4,4,4,5,4,5,5,4,4,4,4,5
SPI1,11,11,3,11,3,3,11,3,3,11,3,11,3,11,3,3,3,11,11,11,11,3,11,3,3,11,11,11,11,3
NELL2,9,9,10,9,10,10,9,10,10,9,10,9,10,9,10,10,10,9,9,9,9,10,9,10,10,9,9,9,9,10
AC022075.1,-1,-1,-1,-1,-1,-1,-1,-1,-1,-1,-1,-1,-1,-1,-1,-1,-1,-1,-1,-1,-1,-1,-1,-1,-1,-1,-1,-1,-1,-1
GFOD1,7,7,8,7,6,8,7,8,6,7,8,7,8,5,8,6,8,7,7,5,7,8,5,8,6,7,5,7,7,6
LTK,-1,-1,-1,-1,-1,-1,-1,-1,-1,-1,-1,-1,-1,-1,-1,-1,-1,-1,-1,-1,-1,-1,-1,-1,-1,-1,-1,-1,-1,-1
AC139720.1,9,9,10,9,10,10,9,10,10,9,10,9,10,9,10,10,10,9,9,9,9,10,9,10,10,9,9,9,9,10
GZMH,6,6,7,6,8,7,6,7,8,6,7,6,7,7,7,8,7,6,6,7,6,7,7,7,8,6,7,6,6,8
TMSB10,6,6,7,6,8,7,6,7,8,6,7,6,7,7,7,8,7,6,6,7,6,7,7,7,8,6,7,6,6,8
MARCH1,5,5,6,5,7,6,5,6,7,5,6,5,6,6,6,7,6,5,5,6,5,6,6,6,7,5,6,5,5,7
HDAC9,5,5,-1,5,-1,-1,5,-1,-1,5,-1,5,-1,6,-1,-1,-1,5,5,6,5,-1,6,-1,-1,5,6,5,5,-1
TBC1D22A,1,5,15,5,15,15,1,15,15,1,15,1,15,6,15,15,15,1,1,1,1,15,1,15,15,1,1,5,1,15
SLC22A23,1,1,1,1,1,1,1,1,1,1,1,1,1,1,1,1,1,1,1,1,1,1,1,1,1,1,1,1,1,1
VMP1,5,12,12,12,12,12,5,12,12,5,12,5,12,12,12,12,12,5,5,6,5,12,6,12,12,5,6,12,5,12
AC010967.1,-1,-1,-1,-1,-1,-1,-1,-1,-1,-1,-1,-1,-1,-1,-1,-1,-1,-1,-1,-1,-1,-1,-1,-1,-1,-1,-1,-1,-1,-1
ADGRG5,8,8,9,8,9,9,8,9,9,8,9,8,9,8,9,9,9,8,8,8,8,9,8,9,9,8,8,8,8,9
AC104809.2,1,1,1,1,1,1,1,1,1,1,1,1,1,1,1,1,1,1,1,1,1,1,1,1,1,1,1,1,1,1
CX3CR1,8,8,9,8,9,9,8,9,9,8,9,8,9,8,9,9,9,8,8,8,8,9,8,9,9,8,8,8,8,9
PCNX1,4,4,5,4,5,5,4,5,5,4,5,4,5,4,5,5,5,4,4,4,4,5,4,5,5,4,4,4,4,5
CD5L,1,1,1,1,1,1,1,1,1,1,1,1,1,1,1,1,1,1,1,1,1,1,1,1,1,1,1,1,1,1
TRIO,1,5,3,5,3,3,1,3,3,1,3,1,3,6,3,3,3,1,1,1,1,3,1,3,3,1,1,5,1,3
AC025569.1,1,1,1,1,1,1,1,1,1,1,1,1,1,1,1,1,1,1,1,1,1,1,1,1,1,1,1,1,1,1
ARHGAP24,5,12,12,12,12,12,5,12,12,5,12,5,12,12,12,12,12,5,5,6,5,12,6,12,12,5,6,12,5,12
PPP2R5C,3,3,4,3,4,4,3,4,4,3,4,3,4,3,4,4,4,3,3,3,3,4,3,4,4,3,3,3,3,4
SIPA1L1,12,-1,-1,-1,-1,-1,11,-1,-1,12,-1,12,-1,-1,-1,-1,-1,11,12,11,11,-1,12,-1,-1,12,12,-1,12,-1
CYFIP1,1,5,3,5,3,3,1,3,3,1,3,1,3,6,3,3,3,1,1,1,1,3,1,3,3,1,1,5,1,3
SPIRE1,1,1,1,1,1,1,1,1,1,1,1,1,1,1,1,1,1,1,1,1,1,1,1,1,1,1,1,1,1,1
MYO9A,1,1,1,1,1,1,1,1,1,1,1,1,1,1,1,1,1,1,1,1,1,1,1,1,1,1,1,1,1,1
PLCG2,7,7,8,7,6,8,7,8,6,7,8,7,8,5,8,6,8,7,7,5,7,8,5,8,6,7,5,7,7,6
CD69,-1,-1,-1,-1,-1,-1,-1,-1,-1,-1,-1,-1,-1,-1,-1,-1,-1,-1,-1,-1,-1,-1,-1,-1,-1,-1,-1,-1,-1,-1
MVB12B,1,1,1,1,1,1,1,1,1,1,1,1,1,1,1,1,1,1,1,1,1,1,1,1,1,1,1,1,1,1
SLC24A4,13,15,17,15,17,17,13,17,17,13,17,13,17,15,17,17,17,13,13,13,13,17,13,17,17,13,13,15,13,17
TRG-AS1,-1,-1,-1,-1,-1,-1,-1,-1,-1,-1,-1,-1,-1,-1,-1,-1,-1,-1,-1,-1,-1,-1,-1,-1,-1,-1,-1,-1,-1,-1
BTBD11,9,9,10,9,10,10,9,10,10,9,10,9,10,9,10,10,10,9,9,9,9,10,9,10,10,9,9,9,9,10
SCML4,4,4,5,4,5,5,4,5,5,4,5,4,5,4,5,5,5,4,4,4,4,5,4,5,5,4,4,4,4,5
DISC1,5,5,6,5,7,6,5,6,7,5,6,5,6,6,6,7,6,5,5,6,5,6,6,6,7,5,6,5,5,7
RASA3,8,8,9,8,9,9,8,9,9,8,9,8,9,8,9,9,9,8,8,8,8,9,8,9,9,8,8,8,8,9
FAM49A,5,14,18,14,18,18,5,18,18,5,18,5,18,14,18,18,18,5,5,6,5,18,6,18,18,5,6,14,5,18
TNFRSF1B,11,11,16,11,16,16,11,16,16,11,16,11,16,11,16,16,16,11,11,11,11,16,11,16,16,11,11,11,11,16
AMBP,15,16,19,16,19,19,15,19,19,15,19,15,19,16,19,19,19,15,15,15,15,19,15,19,19,15,15,16,15,19
TCF7,9,9,10,9,10,10,9,10,10,9,10,9,10,9,10,10,10,9,9,9,9,10,9,10,10,9,9,9,9,10
RBMS3,1,1,1,1,1,1,1,1,1,1,1,1,1,1,1,1,1,1,1,1,1,1,1,1,1,1,1,1,1,1
AP2A2,1,1,1,1,1,1,1,1,1,1,1,1,1,1,1,1,1,1,1,1,1,1,1,1,1,1,1,1,1,1
MYO9B,1,5,15,5,15,15,1,15,15,1,15,1,15,6,15,15,15,1,1,1,1,15,1,15,15,1,1,5,1,15
TLR2,5,12,12,12,12,12,5,12,12,5,12,5,12,12,12,12,12,5,5,6,5,12,6,12,12,5,6,12,5,12
SYK,5,5,-1,5,-1,-1,5,-1,-1,5,-1,5,-1,6,-1,-1,-1,5,5,6,5,-1,6,-1,-1,5,6,5,5,-1
FNIP2,10,10,11,10,11,11,10,11,11,10,11,10,11,10,11,11,11,10,10,10,10,11,10,11,11,10,10,10,10,11
PRAM1,11,11,16,11,16,16,11,16,16,11,16,11,16,11,16,16,16,11,11,11,11,16,11,16,16,11,11,11,11,16
NPL,1,1,1,1,1,1,1,1,1,1,1,1,1,1,1,1,1,1,1,1,1,1,1,1,1,1,1,1,1,1
ATG7,5,5,6,5,7,6,5,6,7,5,6,5,6,6,6,7,6,5,5,6,5,6,6,6,7,5,6,5,5,7
HCST,6,6,7,6,8,7,6,7,8,6,7,6,7,7,7,8,7,6,6,7,6,7,7,7,8,6,7,6,6,8
MEF2C,5,12,12,12,12,12,5,12,12,5,12,5,12,12,12,12,12,5,5,6,5,12,6,12,12,5,6,12,5,12
MEF2A,5,5,6,5,7,6,5,6,7,5,6,5,6,6,6,7,6,5,5,6,5,6,6,6,7,5,6,5,5,7
CD38,-1,-1,-1,-1,-1,-1,-1,-1,-1,-1,-1,-1,-1,-1,-1,-1,-1,-1,-1,-1,-1,-1,-1,-1,-1,-1,-1,-1,-1,-1
MSI2,4,4,5,4,5,5,4,5,5,4,5,4,5,4,5,5,5,4,4,4,4,5,4,5,5,4,4,4,4,5
KIAA1217,1,1,1,1,1,1,1,1,1,1,1,1,1,1,1,1,1,1,1,1,1,1,1,1,1,1,1,1,1,1
TCF4,1,1,1,1,1,1,1,1,1,1,1,1,1,1,1,1,1,1,1,1,1,1,1,1,1,1,1,1,1,1
ZSWIM6,5,5,6,5,7,6,5,6,7,5,6,5,6,6,6,7,6,5,5,6,5,6,6,6,7,5,6,5,5,7
EPB41L3,1,1,1,1,1,1,1,1,1,1,1,1,1,1,1,1,1,1,1,1,1,1,1,1,1,1,1,1,1,1
ZFYVE16,1,1,1,1,1,1,1,1,1,1,1,1,1,1,1,1,1,1,1,1,1,1,1,1,1,1,1,1,1,1
CCSER1,13,15,17,15,17,17,13,17,17,13,17,13,17,15,17,17,17,13,13,13,13,17,13,17,17,13,13,15,13,17
RHOH,4,4,5,4,5,5,4,5,5,4,5,4,5,4,5,5,5,4,4,4,4,5,4,5,5,4,4,4,4,5
RASGRF2,9,9,10,9,10,10,9,10,10,9,10,9,10,9,10,10,10,9,9,9,9,10,9,10,10,9,9,9,9,10
ADAM28,13,15,17,15,17,17,13,17,17,13,17,13,17,15,17,17,17,13,13,13,13,17,13,17,17,13,13,15,13,17
PECAM1,11,11,16,11,16,16,11,16,16,11,16,11,16,11,16,16,16,11,11,11,11,16,11,16,16,11,11,11,11,16
STK38,8,8,9,8,9,9,8,9,9,8,9,8,9,8,9,9,9,8,8,8,8,9,8,9,9,8,8,8,8,9
CLEC2D,4,4,5,4,5,5,4,5,5,4,5,4,5,4,5,5,5,4,4,4,4,5,4,5,5,4,4,4,4,5
TM4SF19,-1,-1,-1,-1,-1,-1,-1,-1,-1,-1,-1,-1,-1,-1,-1,-1,-1,-1,-1,-1,-1,-1,-1,-1,-1,-1,-1,-1,-1,-1
RNF213,-1,-1,-1,-1,-1,-1,-1,-1,-1,-1,-1,-1,-1,-1,-1,-1,-1,-1,-1,-1,-1,-1,-1,-1,-1,-1,-1,-1,-1,-1
CAMK1D,1,5,15,5,15,15,1,15,15,1,15,1,15,6,15,15,15,1,1,1,1,15,1,15,15,1,1,5,1,15
FGR,12,-1,16,-1,16,16,11,16,16,12,16,12,16,-1,16,16,16,11,12,11,11,16,12,16,16,12,12,-1,12,16
GPNMB,10,10,11,10,11,11,10,11,11,10,11,10,11,10,11,11,11,10,10,10,10,11,10,11,11,10,10,10,10,11
STARD13,10,10,11,10,11,11,10,11,11,10,11,10,11,10,11,11,11,10,10,10,10,11,10,11,11,10,10,10,10,11
CCDC88C,-1,-1,-1,-1,-1,-1,-1,-1,-1,-1,-1,-1,-1,-1,-1,-1,-1,-1,-1,-1,-1,-1,-1,-1,-1,-1,-1,-1,-1,-1
EMB,4,4,5,4,5,5,4,5,5,4,5,4,5,4,5,5,5,4,4,4,4,5,4,5,5,4,4,4,4,5
PARP14,1,1,1,1,1,1,1,1,1,1,1,1,1,1,1,1,1,1,1,1,1,1,1,1,1,1,1,1,1,1
MCOLN1,1,1,1,1,1,1,1,1,1,1,1,1,1,1,1,1,1,1,1,1,1,1,1,1,1,1,1,1,1,1
CPPED1,11,11,16,11,16,16,11,16,16,11,16,11,16,11,16,16,16,11,11,11,11,16,11,16,16,11,11,11,11,16
STON2,1,1,1,1,1,1,1,1,1,1,1,1,1,1,1,1,1,1,1,1,1,1,1,1,1,1,1,1,1,1
RUNX3,3,3,4,3,4,4,3,4,4,3,4,3,4,3,4,4,4,3,3,3,3,4,3,4,4,3,3,3,3,4
PDE4B,1,1,1,1,1,1,1,1,1,1,1,1,1,1,1,1,1,1,1,1,1,1,1,1,1,1,1,1,1,1
CLNK,13,15,17,15,17,17,13,17,17,13,17,13,17,15,17,17,17,13,13,13,13,17,13,17,17,13,13,15,13,17
MDFIC,4,4,5,4,5,5,4,5,5,4,5,4,5,4,5,5,5,4,4,4,4,5,4,5,5,4,4,4,4,5
LINC01505,8,8,9,8,9,9,8,9,9,8,9,8,9,8,9,9,9,8,8,8,8,9,8,9,9,8,8,8,8,9
PSAP,5,14,18,14,18,18,5,18,18,5,18,5,18,14,18,18,18,5,5,6,5,18,6,18,18,5,6,14,5,18
RASSF4,1,1,1,1,1,1,1,1,1,1,1,1,1,1,1,1,1,1,1,1,1,1,1,1,1,1,1,1,1,1
IKZF2,-1,-1,-1,-1,-1,-1,-1,-1,-1,-1,-1,-1,-1,-1,-1,-1,-1,-1,-1,-1,-1,-1,-1,-1,-1,-1,-1,-1,-1,-1
NCK2,4,4,5,4,5,5,4,5,5,4,5,4,5,4,5,5,5,4,4,4,4,5,4,5,5,4,4,4,4,5
EML4,-1,-1,-1,-1,-1,-1,-1,-1,-1,-1,-1,-1,-1,-1,-1,-1,-1,-1,-1,-1,-1,-1,-1,-1,-1,-1,-1,-1,-1,-1
NAIP,5,5,6,5,7,6,5,6,7,5,6,5,6,6,6,7,6,5,5,6,5,6,6,6,7,5,6,5,5,7
KIF15,2,2,2,2,2,2,2,2,2,2,2,2,2,2,2,2,2,2,2,2,2,2,2,2,2,2,2,2,2,2
TBC1D8,5,14,18,14,18,18,5,18,18,5,18,5,18,14,18,18,18,5,5,6,5,18,6,18,18,5,6,14,5,18
JAML,12,-1,-1,-1,-1,-1,11,-1,-1,12,-1,12,-1,-1,-1,-1,-1,11,12,11,11,-1,12,-1,-1,12,12,-1,12,-1
GZMA,6,6,7,6,8,7,6,7,8,6,7,6,7,7,7,8,7,6,6,7,6,7,7,7,8,6,7,6,6,8
DGKD,7,7,8,7,6,8,7,8,6,7,8,7,8,5,8,6,8,7,7,5,7,8,5,8,6,7,5,7,7,6
SMAP2,11,12,12,12,12,12,11,12,12,11,12,11,12,12,12,12,12,11,11,11,11,12,11,12,12,11,11,12,11,12
CMIP,-1,-1,15,-1,15,15,11,15,15,-1,15,-1,15,-1,15,15,15,11,-1,11,11,15,-1,15,15,-1,-1,-1,-1,15
CD6,9,9,10,9,10,10,9,10,10,9,10,9,10,9,10,10,10,9,9,9,9,10,9,10,10,9,9,9,9,10
LILRB1,1,-1,-1,-1,-1,-1,1,-1,-1,1,-1,1,-1,-1,-1,-1,-1,1,1,1,1,-1,1,-1,-1,1,1,-1,1,-1
GLCCI1,3,3,4,3,4,4,3,4,4,3,4,3,4,3,4,4,4,3,3,3,3,4,3,4,4,3,3,3,3,4
NEAT1,15,16,19,16,19,19,15,19,19,15,19,15,19,16,19,19,19,15,15,15,15,19,15,19,19,15,15,16,15,19
GNAQ,5,12,12,12,12,12,5,12,12,5,12,5,12,12,12,12,12,5,5,6,5,12,6,12,12,5,6,12,5,12
PTK2,1,1,1,1,1,1,1,1,1,1,1,1,1,1,1,1,1,1,1,1,1,1,1,1,1,1,1,1,1,1
SAMSN1,14,14,18,14,18,18,14,18,18,14,18,14,18,14,18,18,18,14,14,14,14,18,14,18,18,14,14,14,14,18
CEP78,8,8,9,8,9,9,8,9,9,8,9,8,9,8,9,9,9,8,8,8,8,9,8,9,9,8,8,8,8,9
KLF2,6,6,7,6,8,7,6,7,8,6,7,6,7,7,7,8,7,6,6,7,6,7,7,7,8,6,7,6,6,8
PTMA,6,6,7,6,8,7,6,7,8,6,7,6,7,7,7,8,7,6,6,7,6,7,7,7,8,6,7,6,6,8
SIGLEC11,1,1,1,1,1,1,1,1,1,1,1,1,1,1,1,1,1,1,1,1,1,1,1,1,1,1,1,1,1,1
AP000812.1,1,1,1,1,1,1,1,1,1,1,1,1,1,1,1,1,1,1,1,1,1,1,1,1,1,1,1,1,1,1
CYBB,5,5,6,5,7,6,5,6,7,5,6,5,6,6,6,7,6,5,5,6,5,6,6,6,7,5,6,5,5,7
CD3G,6,6,7,6,8,7,6,7,8,6,7,6,7,7,7,8,7,6,6,7,6,7,7,7,8,6,7,6,6,8
SPSB4,1,1,1,1,1,1,1,1,1,1,1,1,1,1,1,1,1,1,1,1,1,1,1,1,1,1,1,1,1,1
ARHGEF18,-1,-1,-1,-1,-1,-1,-1,-1,-1,-1,-1,-1,-1,-1,-1,-1,-1,-1,-1,-1,-1,-1,-1,-1,-1,-1,-1,-1,-1,-1
TOP2A,2,2,2,2,2,2,2,2,2,2,2,2,2,2,2,2,2,2,2,2,2,2,2,2,2,2,2,2,2,2
HRH1,1,1,1,1,1,1,1,1,1,1,1,1,1,1,1,1,1,1,1,1,1,1,1,1,1,1,1,1,1,1
LRRK1,5,5,6,5,7,6,5,6,7,5,6,5,6,6,6,7,6,5,5,6,5,6,6,6,7,5,6,5,5,7
SH2D1B,7,7,8,7,6,8,7,8,6,7,8,7,8,5,8,6,8,7,7,5,7,8,5,8,6,7,5,7,7,6
ITIH4,15,16,19,16,19,19,15,19,19,15,19,15,19,16,19,19,19,15,15,15,15,19,15,19,19,15,15,16,15,19
ABCC5,10,10,11,10,11,11,10,11,11,10,11,10,11,10,11,11,11,10,10,10,10,11,10,11,11,10,10,10,10,11
ADGRE2,11,11,16,11,16,16,11,16,16,11,16,11,16,11,16,16,16,11,11,11,11,16,11,16,16,11,11,11,11,16
POU2F2,11,11,16,11,16,16,11,16,16,11,16,11,16,11,16,16,16,11,11,11,11,16,11,16,16,11,11,11,11,16
FOXP1,9,9,10,9,10,10,9,10,10,9,10,9,10,9,10,10,10,9,9,9,9,10,9,10,10,9,9,9,9,10
EDA,1,1,1,1,1,1,1,1,1,1,1,1,1,1,1,1,1,1,1,1,1,1,1,1,1,1,1,1,1,1
SLC40A1,1,1,1,1,1,1,1,1,1,1,1,1,1,1,1,1,1,1,1,1,1,1,1,1,1,1,1,1,1,1
ASAP1,5,5,11,5,11,11,5,11,11,5,11,5,11,6,11,11,11,5,5,6,5,11,6,11,11,5,6,5,5,11
AP003086.1,-1,-1,-1,-1,-1,-1,-1,-1,-1,-1,-1,-1,-1,-1,-1,-1,-1,-1,-1,-1,-1,-1,-1,-1,-1,-1,-1,-1,-1,-1
SAA1,15,16,19,16,19,19,15,19,19,15,19,15,19,16,19,19,19,15,15,15,15,19,15,19,19,15,15,16,15,19
ZBTB46,13,15,17,15,17,17,13,17,17,13,17,13,17,15,17,17,17,13,13,13,13,17,13,17,17,13,13,15,13,17
IFNG-AS1,9,9,10,9,10,10,9,10,10,9,10,9,10,9,10,10,10,9,9,9,9,10,9,10,10,9,9,9,9,10
MS4A4A,-1,-1,-1,-1,-1,-1,-1,-1,-1,-1,-1,-1,-1,-1,-1,-1,-1,-1,-1,-1,-1,-1,-1,-1,-1,-1,-1,-1,-1,-1
BMP2K,5,5,6,5,7,6,5,6,7,5,6,5,6,6,6,7,6,5,5,6,5,6,6,6,7,5,6,5,5,7
AKT3,-1,-1,-1,-1,-1,-1,-1,-1,-1,-1,-1,-1,-1,-1,-1,-1,-1,-1,-1,-1,-1,-1,-1,-1,-1,-1,-1,-1,-1,-1
RNF130,5,12,12,12,12,12,5,12,12,5,12,5,12,12,12,12,12,5,5,6,5,12,6,12,12,5,6,12,5,12
KLRG1,-1,-1,-1,-1,-1,-1,-1,-1,-1,-1,-1,-1,-1,-1,-1,-1,-1,-1,-1,-1,-1,-1,-1,-1,-1,-1,-1,-1,-1,-1
RAPGEF2,1,1,1,1,1,1,1,1,1,1,1,1,1,1,1,1,1,1,1,1,1,1,1,1,1,1,1,1,1,1
ZNF831,4,4,5,4,5,5,4,5,5,4,5,4,5,4,5,5,5,4,4,4,4,5,4,5,5,4,4,4,4,5
PLCB2,-1,-1,-1,-1,-1,-1,-1,-1,-1,-1,-1,-1,-1,-1,-1,-1,-1,-1,-1,-1,-1,-1,-1,-1,-1,-1,-1,-1,-1,-1
SRGAP3,1,1,1,1,1,1,1,1,1,1,1,1,1,1,1,1,1,1,1,1,1,1,1,1,1,1,1,1,1,1
SGCD,8,8,9,8,9,9,8,9,9,8,9,8,9,8,9,9,9,8,8,8,8,9,8,9,9,8,8,8,8,9
CUEDC1,1,1,1,1,1,1,1,1,1,1,1,1,1,1,1,1,1,1,1,1,1,1,1,1,1,1,1,1,1,1
DOCK5,5,5,-1,5,-1,-1,5,-1,-1,5,-1,5,-1,6,-1,-1,-1,5,5,6,5,-1,6,-1,-1,5,6,5,5,-1
AC099560.1,13,15,17,15,17,17,13,17,17,13,17,13,17,15,17,17,17,13,13,13,13,17,13,17,17,13,13,15,13,17
FGD4,5,12,-1,12,-1,-1,5,-1,-1,5,-1,5,-1,12,-1,-1,-1,5,5,6,5,-1,6,-1,-1,5,6,12,5,-1
OXNAD1,9,9,10,9,10,10,9,10,10,9,10,9,10,9,10,10,10,9,9,9,9,10,9,10,10,9,9,9,9,10
PFN1,6,6,7,6,8,7,6,7,8,6,7,6,7,7,7,8,7,6,6,7,6,7,7,7,8,6,7,6,6,8
HRH2,12,13,14,13,14,14,12,14,14,12,14,12,14,13,14,14,14,12,12,12,12,14,12,14,14,12,12,13,12,14
MS4A4E,1,5,1,5,1,1,1,1,1,1,1,1,1,6,1,1,1,10,1,1,1,1,1,1,1,1,1,5,1,1
SMCHD1,-1,-1,-1,-1,-1,-1,-1,-1,-1,-1,-1,-1,-1,-1,-1,-1,-1,-1,-1,-1,-1,-1,-1,-1,-1,-1,-1,-1,-1,-1
RNF144B,5,14,18,14,18,18,5,18,18,5,18,5,18,14,18,18,18,5,5,6,5,18,6,18,18,5,6,14,5,18
TNRC18,1,5,15,5,15,15,1,15,15,1,15,1,15,6,15,15,15,1,1,1,1,15,1,15,15,1,1,5,1,15
AC100849.1,1,1,1,1,1,1,1,1,1,1,1,1,1,1,1,1,1,1,1,1,1,1,1,1,1,1,1,1,1,1
PTPN12,7,7,8,7,6,8,7,8,6,7,8,7,8,5,8,6,8,7,7,5,7,8,5,8,6,7,5,7,7,6
AL589693.1,9,9,10,9,10,10,9,10,10,9,10,9,10,9,10,10,10,9,9,9,9,10,9,10,10,9,9,9,9,10
PTPN22,3,3,4,3,4,4,3,4,4,3,4,3,4,3,4,4,4,3,3,3,3,4,3,4,4,3,3,3,3,4
PCNX2,4,4,5,4,5,5,4,5,5,4,5,4,5,4,5,5,5,4,4,4,4,5,4,5,5,4,4,4,4,5
ADAM19,9,9,10,9,10,10,9,10,10,9,10,9,10,9,10,10,10,9,9,9,9,10,9,10,10,9,9,9,9,10
CHST11,-1,-1,-1,-1,-1,-1,-1,-1,-1,-1,-1,-1,-1,-1,-1,-1,-1,-1,-1,-1,-1,-1,-1,-1,-1,-1,-1,-1,-1,-1
ZAP70,-1,-1,-1,-1,-1,-1,-1,-1,-1,-1,-1,-1,-1,-1,-1,-1,-1,-1,-1,-1,-1,-1,-1,-1,-1,-1,-1,-1,-1,-1
ACSL1,14,14,18,14,18,18,14,18,18,14,18,14,18,14,18,18,18,14,14,14,14,18,14,18,18,14,14,14,14,18
ATP8A1,3,3,4,3,4,4,3,4,4,3,4,3,4,3,4,4,4,3,3,3,3,4,3,4,4,3,3,3,3,4
TRAF3IP3,4,4,5,4,5,5,4,5,5,4,5,4,5,4,5,5,5,4,4,4,4,5,4,5,5,4,4,4,4,5
SNX9,1,1,1,1,1,1,1,1,1,1,1,1,1,1,1,1,1,1,1,1,1,1,1,1,1,1,1,1,1,1
TNIK,4,4,5,4,5,5,4,5,5,4,5,4,5,4,5,5,5,4,4,4,4,5,4,5,5,4,4,4,4,5
TENM4,13,15,17,15,17,17,13,17,17,13,17,13,17,15,17,17,17,13,13,13,13,17,13,17,17,13,13,15,13,17
PCED1B,4,4,5,4,5,5,4,5,5,4,5,4,5,4,5,5,5,4,4,4,4,5,4,5,5,4,4,4,4,5
NR4A3,14,14,18,14,18,18,14,18,18,14,18,14,18,14,18,18,18,14,14,14,14,18,14,18,18,14,14,14,14,18
EVI5,5,5,-1,5,-1,-1,5,-1,-1,5,-1,5,-1,6,-1,-1,-1,5,5,6,5,-1,6,-1,-1,5,6,5,5,-1
ADGRG1,8,8,9,8,9,9,8,9,9,8,9,8,9,8,9,9,9,8,8,8,8,9,8,9,9,8,8,8,8,9
ARHGAP22,13,15,17,15,17,17,13,17,17,13,17,13,17,15,17,17,17,13,13,13,13,17,13,17,17,13,13,15,13,17
BACH2,9,9,10,9,10,10,9,10,10,9,10,9,10,9,10,10,10,9,9,9,9,10,9,10,10,9,9,9,9,10
RCAN3,9,9,10,9,10,10,9,10,10,9,10,9,10,9,10,10,10,9,9,9,9,10,9,10,10,9,9,9,9,10
GTSE1,2,2,2,2,2,2,2,2,2,2,2,2,2,2,2,2,2,2,2,2,2,2,2,2,2,2,2,2,2,2
CCDC88A,5,5,11,5,11,11,5,11,11,5,11,5,11,6,11,11,11,5,5,6,5,11,6,11,11,5,6,5,5,11
SERINC5,9,9,10,9,10,10,9,10,10,9,10,9,10,9,10,10,10,9,9,9,9,10,9,10,10,9,9,9,9,10
PRKCA,-1,-1,-1,-1,-1,-1,-1,-1,-1,-1,-1,-1,-1,-1,-1,-1,-1,-1,-1,-1,-1,-1,-1,-1,-1,-1,-1,-1,-1,-1
CTNND1,1,5,-1,5,-1,-1,1,-1,-1,1,-1,1,-1,6,-1,-1,-1,1,1,1,1,-1,1,-1,-1,1,1,5,1,-1
TNFAIP8,4,4,5,4,5,5,4,5,5,4,5,4,5,4,5,5,5,4,4,4,4,5,4,5,5,4,4,4,4,5
CD300E,12,13,14,13,14,14,12,14,14,12,14,12,14,13,14,14,14,12,12,12,12,14,12,14,14,12,12,13,12,14
ASPM,2,2,2,2,2,2,2,2,2,2,2,2,2,2,2,2,2,2,2,2,2,2,2,2,2,2,2,2,2,2
ST8SIA6,7,7,8,7,6,8,7,8,6,7,8,7,8,5,8,6,8,7,7,5,7,8,5,8,6,7,5,7,7,6
NLRC3,-1,-1,-1,-1,-1,-1,-1,-1,-1,-1,-1,-1,-1,-1,-1,-1,-1,-1,-1,-1,-1,-1,-1,-1,-1,-1,-1,-1,-1,-1
CD55,12,13,14,13,14,14,12,14,14,12,14,12,14,13,14,14,14,12,12,12,12,14,12,14,14,12,12,13,12,14
IGSF21,-1,-1,-1,-1,-1,-1,-1,-1,-1,-1,-1,-1,-1,-1,-1,-1,-1,-1,-1,-1,-1,-1,-1,-1,-1,-1,-1,-1,-1,-1
SAMD4A,10,10,11,10,11,11,10,11,11,10,11,10,11,10,11,11,11,10,10,10,10,11,10,11,11,10,10,10,10,11
TRGC2,-1,-1,-1,-1,-1,-1,-1,-1,-1,-1,-1,-1,-1,-1,-1,-1,-1,-1,-1,-1,-1,-1,-1,-1,-1,-1,-1,-1,-1,-1
NUMB,11,12,12,12,12,12,11,12,12,11,12,11,12,12,12,12,12,11,11,11,11,12,11,12,12,11,11,12,11,12
MBNL1-AS1,-1,-1,-1,-1,-1,-1,-1,-1,-1,-1,-1,-1,-1,-1,-1,-1,-1,-1,-1,-1,-1,-1,-1,-1,-1,-1,-1,-1,-1,-1
CLEC12A,11,12,12,12,12,12,11,12,12,11,12,11,12,12,12,12,12,11,11,11,11,12,11,12,12,11,11,12,11,12
AP001011.1,-1,-1,-1,-1,-1,-1,-1,-1,-1,-1,-1,-1,-1,-1,-1,-1,-1,-1,-1,-1,-1,-1,-1,-1,-1,-1,-1,-1,-1,-1
NUSAP1,2,2,2,2,2,2,2,2,2,2,2,2,2,2,2,2,2,2,2,2,2,2,2,2,2,2,2,2,2,2
TAFA1,-1,-1,-1,-1,-1,-1,-1,-1,-1,-1,-1,-1,-1,-1,-1,-1,-1,-1,-1,-1,-1,-1,-1,-1,-1,-1,-1,-1,-1,-1
TTR,15,16,19,16,19,19,15,19,19,15,19,15,19,16,19,19,19,15,15,15,15,19,15,19,19,15,15,16,15,19
LIPA,1,1,11,1,11,11,1,11,11,1,11,1,11,1,11,11,11,1,1,1,1,11,1,11,11,1,1,1,1,11
JAZF1,8,8,9,8,9,9,8,9,9,8,9,8,9,8,9,9,9,8,8,8,8,9,8,9,9,8,8,8,8,9
CD160,7,7,8,7,6,8,7,8,6,7,8,7,8,5,8,6,8,7,7,5,7,8,5,8,6,7,5,7,7,6
BASP1,1,1,1,1,1,1,1,1,1,1,1,1,1,1,1,1,1,1,1,1,1,1,1,1,1,1,1,1,1,1
RASGRP1,4,4,5,4,5,5,4,5,5,4,5,4,5,4,5,5,5,4,4,4,4,5,4,5,5,4,4,4,4,5
SPOCK2,9,9,10,9,10,10,9,10,10,9,10,9,10,9,10,10,10,9,9,9,9,10,9,10,10,9,9,9,9,10
PTPN4,4,4,5,4,5,5,4,5,5,4,5,4,5,4,5,5,5,4,4,4,4,5,4,5,5,4,4,4,4,5
ZEB1,4,4,5,4,5,5,4,5,5,4,5,4,5,4,5,5,5,4,4,4,4,5,4,5,5,4,4,4,4,5
AC016074.2,-1,-1,-1,-1,-1,-1,-1,-1,-1,-1,-1,-1,-1,-1,-1,-1,-1,-1,-1,-1,-1,-1,-1,-1,-1,-1,-1,-1,-1,-1
UTRN,7,7,8,7,6,8,7,8,6,7,8,7,8,5,8,6,8,7,7,5,7,8,5,8,6,7,5,7,7,6
PLAUR,14,14,18,14,18,18,14,18,18,14,18,14,18,14,18,18,18,14,14,14,14,18,14,18,18,14,14,14,14,18
NLRC5,4,4,5,4,5,5,4,5,5,4,5,4,5,4,5,5,5,4,4,4,4,5,4,5,5,4,4,4,4,5
PAG1,9,9,10,9,10,10,9,10,10,9,10,9,10,9,10,10,10,9,9,9,9,10,9,10,10,9,9,9,9,10
CD83,14,14,18,14,18,18,14,18,18,14,18,14,18,14,18,18,18,14,14,14,14,18,14,18,18,14,14,14,14,18
ACAP1,-1,-1,-1,-1,-1,-1,-1,-1,-1,-1,-1,-1,-1,-1,-1,-1,-1,-1,-1,-1,-1,-1,-1,-1,-1,-1,-1,-1,-1,-1
SNX24,1,1,1,1,1,1,1,1,1,1,1,1,1,1,1,1,1,1,1,1,1,1,1,1,1,1,1,1,1,1
CUX1,-1,-1,15,-1,15,15,11,15,15,-1,15,-1,15,-1,15,15,15,11,-1,11,11,15,-1,15,15,-1,-1,-1,-1,15
RNF135,1,1,1,1,1,1,1,1,1,1,1,1,1,1,1,1,1,1,1,1,1,1,1,1,1,1,1,1,1,1
PACS1,4,4,5,4,5,5,4,5,5,4,5,4,5,4,5,5,5,4,4,4,4,5,4,5,5,4,4,4,4,5
LRBA,4,4,5,4,5,5,4,5,5,4,5,4,5,4,5,5,5,4,4,4,4,5,4,5,5,4,4,4,4,5
ANKS1A,1,1,1,1,1,1,1,1,1,1,1,1,1,1,1,1,1,1,1,1,1,1,1,1,1,1,1,1,1,1
AC093865.1,-1,-1,-1,-1,-1,-1,-1,-1,-1,-1,-1,-1,-1,-1,-1,-1,-1,-1,-1,-1,-1,-1,-1,-1,-1,-1,-1,-1,-1,-1
COTL1,11,11,16,11,16,16,11,16,16,11,16,11,16,11,16,16,16,11,11,11,11,16,11,16,16,11,11,11,11,16
SRGN,14,14,18,14,18,18,14,18,18,14,18,14,18,14,18,18,18,14,14,14,14,18,14,18,18,14,14,14,14,18
AFF3,13,15,17,15,17,17,13,17,17,13,17,13,17,15,17,17,17,13,13,13,13,17,13,17,17,13,13,15,13,17
ARHGEF3,4,4,5,4,5,5,4,5,5,4,5,4,5,4,5,5,5,4,4,4,4,5,4,5,5,4,4,4,4,5
MGAT4A,9,9,10,9,10,10,9,10,10,9,10,9,10,9,10,10,10,9,9,9,9,10,9,10,10,9,9,9,9,10
SBF2,5,5,6,5,7,6,5,6,7,5,6,5,6,6,6,7,6,5,5,6,5,6,6,6,7,5,6,5,5,7
RNF157,9,9,10,9,10,10,9,10,10,9,10,9,10,9,10,10,10,9,9,9,9,10,9,10,10,9,9,9,9,10
PIK3AP1,1,-1,-1,-1,-1,-1,1,-1,-1,1,-1,1,-1,-1,-1,-1,-1,1,1,1,1,-1,1,-1,-1,1,1,-1,1,-1
IL12RB2,7,7,8,7,6,8,7,8,6,7,8,7,8,5,8,6,8,7,7,5,7,8,5,8,6,7,5,7,7,6
WWP1,1,1,1,1,1,1,1,1,1,1,1,1,1,1,1,1,1,1,1,1,1,1,1,1,1,1,1,1,1,1
TPRG1,-1,-1,-1,-1,-1,-1,1,-1,-1,-1,-1,-1,-1,-1,-1,-1,-1,1,-1,1,1,-1,-1,-1,-1,-1,-1,-1,-1,-1
DPP4,9,9,10,9,10,10,9,10,10,9,10,9,10,9,10,10,10,9,9,9,9,10,9,10,10,9,9,9,9,10
SEMA4D,-1,-1,-1,-1,-1,-1,-1,-1,-1,-1,-1,-1,-1,-1,-1,-1,-1,-1,-1,-1,-1,-1,-1,-1,-1,-1,-1,-1,-1,-1
KLRB1,7,7,8,7,6,8,7,8,6,7,8,7,8,5,8,6,8,7,7,5,7,8,5,8,6,7,5,7,7,6
MIR181A2HG,7,7,8,7,6,8,7,8,6,7,8,7,8,5,8,6,8,7,7,5,7,8,5,8,6,7,5,7,7,6
C3,15,16,19,16,19,19,15,19,19,15,19,15,19,16,19,19,19,15,15,15,15,19,15,19,19,15,15,16,15,19
TCF7L1,1,1,1,1,1,1,1,1,1,1,1,1,1,1,1,1,1,1,1,1,1,1,1,1,1,1,1,1,1,1
PLA2G7,10,10,11,10,11,11,10,11,11,10,11,10,11,10,11,11,11,10,10,10,10,11,10,11,11,10,10,10,10,11
RASA2,-1,-1,-1,-1,-1,-1,-1,-1,-1,-1,-1,-1,-1,-1,-1,-1,-1,-1,-1,-1,-1,-1,-1,-1,-1,-1,-1,-1,-1,-1
SH2B3,-1,-1,15,-1,15,15,11,15,15,-1,15,-1,15,-1,15,15,15,11,-1,11,11,15,-1,15,15,-1,-1,-1,-1,15
TNRC6C,4,4,5,4,5,5,4,5,5,4,5,4,5,4,5,5,5,4,4,4,4,5,4,5,5,4,4,4,4,5
ST8SIA1,9,9,10,9,10,10,9,10,10,9,10,9,10,9,10,10,10,9,9,9,9,10,9,10,10,9,9,9,9,10
S100A6,6,6,7,6,8,7,6,7,8,6,7,6,7,7,7,8,7,6,6,7,6,7,7,7,8,6,7,6,6,8
PHACTR1,10,10,11,10,11,11,10,11,11,10,11,10,11,10,11,11,11,10,10,10,10,11,10,11,11,10,10,10,10,11
CD3D,6,6,7,6,8,7,6,7,8,6,7,6,7,7,7,8,7,6,6,7,6,7,7,7,8,6,7,6,6,8
CSGALNACT1,9,9,10,9,10,10,9,10,10,9,10,9,10,9,10,10,10,9,9,9,9,10,9,10,10,9,9,9,9,10
PBX4,9,9,10,9,10,10,9,10,10,9,10,9,10,9,10,10,10,9,9,9,9,10,9,10,10,9,9,9,9,10
TNRC6B,4,4,5,4,5,5,4,5,5,4,5,4,5,4,5,5,5,4,4,4,4,5,4,5,5,4,4,4,4,5
TRERF1,-1,-1,-1,-1,-1,-1,-1,-1,-1,-1,-1,-1,-1,-1,-1,-1,-1,-1,-1,-1,-1,-1,-1,-1,-1,-1,-1,-1,-1,-1
RIN3,7,7,8,7,6,8,7,8,6,7,8,7,8,5,8,6,8,7,7,5,7,8,5,8,6,7,5,7,7,6
GFRA2,1,1,1,1,1,1,1,1,1,1,1,1,1,1,1,1,1,1,1,1,1,1,1,1,1,1,1,1,1,1
PAM,4,4,5,4,5,5,4,5,5,4,5,4,5,4,5,5,5,4,4,4,4,5,4,5,5,4,4,4,4,5
TSPAN5,4,4,5,4,5,5,4,5,5,4,5,4,5,4,5,5,5,4,4,4,4,5,4,5,5,4,4,4,4,5
IKZF1,4,4,5,4,5,5,4,5,5,4,5,4,5,4,5,5,5,4,4,4,4,5,4,5,5,4,4,4,4,5
C6orf62,1,1,1,1,1,1,1,1,1,1,1,1,1,1,1,1,1,1,1,1,1,1,1,1,1,1,1,1,1,1
CR1,1,1,13,1,13,13,1,13,13,1,13,1,13,1,13,13,13,1,1,1,1,13,1,13,13,1,1,1,1,13
MB21D2,14,14,18,14,18,18,14,18,18,14,18,14,18,14,18,18,18,14,14,14,14,18,14,18,18,14,14,14,14,18
TXNIP,6,6,7,6,8,7,6,7,8,6,7,6,7,7,7,8,7,6,6,7,6,7,7,7,8,6,7,6,6,8
SLC8A1-AS1,-1,-1,-1,-1,-1,-1,-1,-1,-1,-1,-1,-1,-1,-1,-1,-1,-1,-1,-1,-1,-1,-1,-1,-1,-1,-1,-1,-1,-1,-1
MANBA,5,5,6,5,7,6,5,6,7,5,6,5,6,6,6,7,6,5,5,6,5,6,6,6,7,5,6,5,5,7
FABP1,15,16,19,16,19,19,15,19,19,15,19,15,19,16,19,19,19,15,15,15,15,19,15,19,19,15,15,16,15,19
PPARG,10,10,11,10,11,11,10,11,11,10,11,10,11,10,11,11,11,10,10,10,10,11,10,11,11,10,10,10,10,11
RUFY3,1,1,1,1,1,1,1,1,1,1,1,1,1,1,1,1,1,1,1,1,1,1,1,1,1,1,1,1,1,1
TESPA1,9,9,10,9,10,10,9,10,10,9,10,9,10,9,10,10,10,9,9,9,9,10,9,10,10,9,9,9,9,10
TMEM51,10,10,11,10,11,11,10,11,11,10,11,10,11,10,11,11,11,10,10,10,10,11,10,11,11,10,10,10,10,11
PHACTR2,-1,-1,-1,-1,-1,-1,-1,-1,-1,-1,-1,-1,-1,-1,-1,-1,-1,-1,-1,-1,-1,-1,-1,-1,-1,-1,-1,-1,-1,-1
DENND3,1,-1,-1,-1,-1,-1,1,-1,-1,1,-1,1,-1,-1,-1,-1,-1,1,1,1,1,-1,1,-1,-1,1,1,-1,1,-1
RREB1,1,5,-1,5,-1,-1,1,-1,-1,1,-1,1,-1,6,-1,-1,-1,1,1,1,1,-1,1,-1,-1,1,1,5,1,-1
TBX21,8,8,9,8,9,9,8,9,9,8,9,8,9,8,9,9,9,8,8,8,8,9,8,9,9,8,8,8,8,9
AL450352.1,7,7,8,7,6,8,7,8,6,7,8,7,8,5,8,6,8,7,7,5,7,8,5,8,6,7,5,7,7,6
SLC43A2,-1,-1,15,-1,15,15,11,15,15,-1,15,-1,15,-1,15,15,15,11,-1,11,11,15,-1,15,15,-1,-1,-1,-1,15
EMILIN2,12,-1,-1,-1,-1,-1,11,-1,-1,12,-1,12,-1,-1,-1,-1,-1,11,12,11,11,-1,12,-1,-1,12,12,-1,12,-1
RAPGEF1,-1,-1,-1,-1,-1,-1,-1,-1,-1,-1,-1,-1,-1,-1,-1,-1,-1,-1,-1,-1,-1,-1,-1,-1,-1,-1,-1,-1,-1,-1
DOCK9,9,9,10,9,10,10,9,10,10,9,10,9,10,9,10,10,10,9,9,9,9,10,9,10,10,9,9,9,9,10
FAM49B,7,7,8,7,6,8,7,8,6,7,8,7,8,5,8,6,8,7,7,5,7,8,5,8,6,7,5,7,7,6
PZP,-1,-1,-1,-1,-1,-1,-1,-1,-1,-1,-1,-1,-1,-1,-1,-1,-1,-1,-1,-1,-1,-1,-1,-1,-1,-1,-1,-1,-1,-1
ALOX5,11,12,12,12,12,12,11,12,12,11,12,11,12,12,12,12,12,11,11,11,11,12,11,12,12,11,11,12,11,12
RUNX1,-1,-1,-1,-1,-1,-1,-1,-1,-1,-1,-1,-1,-1,-1,-1,-1,-1,-1,-1,-1,-1,-1,-1,-1,-1,-1,-1,-1,-1,-1
TRPS1,5,10,11,10,11,11,5,11,11,5,11,5,11,10,11,11,11,5,5,6,5,11,6,11,11,5,6,10,5,11
ATP2A3,-1,-1,-1,-1,-1,-1,-1,-1,-1,-1,-1,-1,-1,-1,-1,-1,-1,-1,-1,-1,-1,-1,-1,-1,-1,-1,-1,-1,-1,-1
DLEU2,11,12,12,12,12,12,11,12,12,11,12,11,12,12,12,12,12,11,11,11,11,12,11,12,12,11,11,12,11,12
GSAP,-1,-1,-1,-1,-1,-1,-1,-1,-1,-1,-1,-1,-1,-1,-1,-1,-1,-1,-1,-1,-1,-1,-1,-1,-1,-1,-1,-1,-1,-1
SLC2A3,12,13,-1,13,-1,-1,12,-1,-1,12,-1,12,-1,13,-1,-1,-1,12,12,12,12,-1,12,-1,-1,12,12,13,12,-1
ICAM1,14,14,18,14,18,18,14,18,18,14,18,14,18,14,18,18,18,14,14,14,14,18,14,18,18,14,14,14,14,18
MYOF,1,-1,-1,-1,-1,-1,1,-1,-1,1,-1,1,-1,-1,-1,-1,-1,1,1,1,1,-1,1,-1,-1,1,1,-1,1,-1
MKI67,2,2,2,2,2,2,2,2,2,2,2,2,2,2,2,2,2,2,2,2,2,2,2,2,2,2,2,2,2,2
ROR1,1,1,13,1,13,13,1,13,13,1,13,1,13,1,13,13,13,1,1,1,1,13,1,13,13,1,1,1,1,13
ZNF124,1,1,1,1,1,1,1,1,1,1,1,1,1,1,1,1,1,1,1,1,1,1,1,1,1,1,1,1,1,1
CXCL12,1,1,1,1,1,1,1,1,1,1,1,1,1,1,1,1,1,1,1,1,1,1,1,1,1,1,1,1,1,1
TTN,-1,-1,-1,-1,-1,-1,-1,-1,-1,-1,-1,-1,-1,-1,-1,-1,-1,-1,-1,-1,-1,-1,-1,-1,-1,-1,-1,-1,-1,-1
F12,15,16,19,16,19,19,15,19,19,15,19,15,19,16,19,19,19,15,15,15,15,19,15,19,19,15,15,16,15,19
KIF4A,2,2,2,2,2,2,2,2,2,2,2,2,2,2,2,2,2,2,2,2,2,2,2,2,2,2,2,2,2,2
FGF13,1,1,13,1,13,13,1,13,13,1,13,1,13,1,13,13,13,1,1,1,1,13,1,13,13,1,1,1,1,13
CNTLN,-1,-1,-1,-1,-1,-1,1,-1,-1,-1,-1,-1,-1,-1,-1,-1,-1,1,-1,1,1,-1,-1,-1,-1,-1,-1,-1,-1,-1
SPRED1,10,5,11,5,11,11,10,11,11,10,11,10,11,6,11,11,11,10,10,10,10,11,10,11,11,10,10,5,10,11
ETV5,1,1,1,1,1,1,1,1,1,1,1,1,1,1,1,1,1,1,1,1,1,1,1,1,1,1,1,1,1,1
MAML3,5,-1,12,-1,12,12,5,12,12,5,12,5,12,-1,12,12,12,5,5,6,5,12,6,12,12,5,6,-1,5,12
ANKRD36C,-1,-1,-1,-1,-1,-1,-1,-1,-1,-1,-1,-1,-1,-1,-1,-1,-1,-1,-1,-1,-1,-1,-1,-1,-1,-1,-1,-1,-1,-1
SIDT1,3,4,4,4,5,4,3,5,5,4,5,3,4,4,5,4,4,3,4,4,4,5,4,5,5,4,3,4,4,5
TYMP,-1,-1,15,-1,15,15,11,15,15,-1,15,-1,15,-1,15,15,15,11,-1,11,11,15,-1,15,15,-1,-1,-1,-1,15
POLQ,2,2,2,2,2,2,2,2,2,2,2,2,2,2,2,2,2,2,2,2,2,2,2,2,2,2,2,2,2,2
SLC7A7,1,-1,-1,-1,-1,-1,1,-1,-1,1,-1,1,-1,-1,-1,-1,-1,1,1,1,1,-1,1,-1,-1,1,1,-1,1,-1
AHNAK,-1,-1,-1,-1,-1,-1,-1,-1,-1,-1,-1,-1,-1,-1,-1,-1,-1,-1,-1,-1,-1,-1,-1,-1,-1,-1,-1,-1,-1,-1
OSBPL5,8,8,9,8,9,9,8,9,9,8,9,8,9,8,9,9,9,8,8,8,8,9,8,9,9,8,8,8,8,9
JAK2,5,5,11,5,11,11,5,11,11,5,11,5,11,6,11,11,11,5,5,6,5,11,6,11,11,5,6,5,5,11
PFKFB3,14,14,18,14,18,18,14,18,18,14,18,14,18,14,18,18,18,14,14,14,14,18,14,18,18,14,14,14,14,18
DGKA,9,9,10,9,10,10,9,10,10,9,10,9,10,9,10,10,10,9,9,9,9,10,9,10,10,9,9,9,9,10
HMOX1,1,1,13,1,13,13,1,13,13,1,13,1,13,1,13,13,13,1,1,1,1,13,1,13,13,1,1,1,1,13
SCLT1,11,12,12,12,12,12,11,12,12,11,12,11,12,12,12,12,12,11,11,11,11,12,11,12,12,11,11,12,11,12
AL136456.1,-1,-1,-1,-1,-1,-1,-1,-1,-1,-1,-1,-1,-1,-1,-1,-1,-1,-1,-1,-1,-1,-1,-1,-1,-1,-1,-1,-1,-1,-1
SMIM35,1,1,13,1,13,13,1,13,13,1,13,1,13,1,13,13,13,1,1,1,1,13,1,13,13,1,1,1,1,13
FTCD,15,16,19,16,19,19,15,19,19,15,19,15,19,16,19,19,19,15,15,15,15,19,15,19,19,15,15,16,15,19
IRF8,13,15,17,15,17,17,13,17,17,13,17,13,17,15,17,17,17,13,13,13,13,17,13,17,17,13,13,15,13,17
CLEC4D,12,13,-1,13,-1,-1,12,-1,-1,12,-1,12,-1,13,-1,-1,-1,12,12,12,12,-1,12,-1,-1,12,12,13,12,-1
ATP2B4,4,4,5,4,5,5,4,5,5,4,5,4,5,4,5,5,5,4,4,4,4,5,4,5,5,4,4,4,4,5
HLA-DRB1,13,15,17,15,17,17,13,17,17,13,17,13,17,15,17,17,17,13,13,13,13,17,13,17,17,13,13,15,13,17
TRPM2,7,7,8,7,-1,8,7,8,-1,7,8,7,8,-1,8,6,8,7,7,-1,7,8,-1,8,-1,7,5,7,7,-1
ANKRD11,-1,-1,-1,-1,-1,-1,-1,-1,-1,-1,-1,-1,-1,-1,-1,-1,-1,-1,-1,-1,-1,-1,-1,-1,-1,-1,-1,-1,-1,-1
F13A1,5,-1,12,-1,12,12,5,12,12,5,12,5,12,-1,12,12,12,5,5,6,5,12,6,12,12,5,6,-1,5,12
JDP2,1,1,1,1,1,1,1,1,1,1,1,1,1,1,1,1,1,1,1,1,1,1,1,1,1,1,1,1,1,1
TMLHE-AS1,-1,-1,-1,-1,-1,-1,-1,-1,-1,-1,-1,-1,-1,-1,-1,-1,-1,-1,-1,-1,-1,-1,-1,-1,-1,-1,-1,-1,-1,-1
ITGAD,1,1,-1,1,-1,-1,1,-1,-1,1,-1,1,-1,1,-1,-1,-1,1,1,1,1,-1,1,-1,-1,1,1,1,1,-1
PPP3CC,4,4,5,4,5,5,4,5,5,4,5,4,5,4,5,5,5,4,4,4,4,5,4,5,5,4,4,4,4,5
SLAMF1,9,9,10,9,10,10,9,10,10,9,10,9,10,9,10,10,10,9,9,9,9,10,9,10,10,9,9,9,9,10
SCIMP,1,-1,-1,-1,-1,-1,1,-1,-1,1,-1,1,-1,-1,-1,-1,-1,1,1,1,1,-1,1,-1,-1,1,1,-1,1,-1
HLA-DPB1,13,15,17,15,17,17,13,17,17,13,17,13,17,15,17,17,17,13,13,13,13,17,13,17,17,13,13,15,13,17
ZFYVE28,-1,-1,-1,-1,-1,-1,-1,-1,-1,-1,-1,-1,-1,-1,-1,-1,-1,-1,-1,-1,-1,-1,-1,-1,-1,-1,-1,-1,-1,-1
AL034397.3,12,13,14,13,14,14,12,14,14,12,14,12,14,13,14,14,14,12,12,12,12,14,12,14,14,12,12,13,12,14
MYO1E,-1,-1,-1,-1,-1,-1,-1,-1,-1,-1,-1,-1,-1,-1,-1,-1,-1,-1,-1,-1,-1,-1,-1,-1,-1,-1,-1,-1,-1,-1
CLEC4E,12,13,14,13,14,14,12,14,14,12,14,12,14,13,14,14,14,12,12,12,12,14,12,14,14,12,12,13,12,14
PLD1,1,1,13,1,13,13,1,13,13,1,13,1,13,1,13,13,13,1,1,1,1,13,1,13,13,1,1,1,1,13
CD52,6,6,7,6,8,7,6,7,8,6,7,6,7,7,7,8,7,6,6,7,6,7,7,7,8,6,7,6,6,8
ZNF609,1,1,13,1,13,13,1,13,13,1,13,1,13,1,13,13,13,1,1,1,1,13,1,13,13,1,1,1,1,13
MEGF9,12,13,14,13,14,14,12,14,14,12,14,12,14,13,14,14,14,12,12,12,12,14,12,14,14,12,12,13,12,14
MIR181A1HG,14,14,18,14,18,18,14,18,18,14,18,14,18,14,18,18,18,14,14,14,14,18,14,18,18,14,14,14,14,18
SHTN1,1,-1,-1,-1,-1,-1,1,-1,-1,1,-1,1,-1,-1,-1,-1,-1,1,1,1,1,-1,1,-1,-1,1,1,-1,1,-1
PSD3,-1,-1,-1,-1,-1,-1,1,-1,-1,-1,-1,-1,-1,-1,-1,-1,-1,1,-1,1,1,-1,-1,-1,-1,-1,-1,-1,-1,-1
ITGA4,-1,-1,-1,-1,-1,-1,-1,-1,-1,-1,-1,-1,-1,-1,-1,-1,-1,-1,-1,-1,-1,-1,-1,-1,-1,-1,-1,-1,-1,-1
AC009093.2,-1,-1,15,-1,15,15,11,15,15,-1,15,-1,15,-1,15,15,15,11,-1,11,11,15,-1,15,15,-1,-1,-1,-1,15
AGTPBP1,12,13,-1,13,-1,-1,12,-1,-1,12,-1,12,-1,13,-1,-1,-1,12,12,12,12,-1,12,-1,-1,12,12,13,12,-1
C20orf194,10,10,11,10,11,11,10,11,11,10,11,10,11,10,11,11,11,10,10,10,10,11,10,11,11,10,10,10,10,11
MGAT5,-1,-1,-1,-1,-1,-1,-1,-1,-1,-1,-1,-1,-1,-1,-1,-1,-1,-1,-1,-1,-1,-1,-1,-1,-1,-1,-1,-1,-1,-1
RGS1,14,14,18,14,18,18,14,18,18,14,18,14,18,14,18,18,18,14,14,14,14,18,14,18,18,14,14,14,14,18
VAC14,13,15,17,15,17,17,13,17,17,13,17,13,17,15,17,17,17,13,13,13,13,17,13,17,17,13,13,15,13,17
EVL,-1,-1,-1,-1,-1,-1,-1,-1,-1,-1,-1,-1,-1,-1,-1,-1,-1,-1,-1,-1,-1,-1,-1,-1,-1,-1,-1,-1,-1,-1
FCHSD2,5,10,11,10,11,11,5,11,11,5,11,5,11,10,11,11,11,5,5,6,5,11,6,11,11,5,6,10,5,11
ACTN1,1,1,-1,1,-1,-1,1,-1,-1,1,-1,1,-1,1,-1,-1,-1,1,1,1,1,-1,1,-1,-1,1,1,1,1,-1
FNDC3B,14,14,18,14,18,18,14,18,18,14,18,14,18,14,18,18,18,14,14,14,14,18,14,18,18,14,14,14,14,18
CHI3L1,15,16,19,16,19,19,15,19,19,15,19,15,19,16,19,19,19,15,15,15,15,19,15,19,19,15,15,16,15,19
TCF12,10,10,11,10,11,11,10,11,11,10,11,10,11,10,11,11,11,10,10,10,10,11,10,11,11,10,10,10,10,11
SDK1,13,15,17,15,17,17,13,17,17,13,17,13,17,15,17,17,17,13,13,13,13,17,13,17,17,13,13,15,13,17
VTN,15,16,19,16,19,19,15,19,19,15,19,15,19,16,19,19,19,15,15,15,15,19,15,19,19,15,15,16,15,19
EPB41,-1,-1,-1,-1,-1,-1,-1,-1,-1,-1,-1,-1,-1,-1,-1,-1,-1,-1,-1,-1,-1,-1,-1,-1,-1,-1,-1,-1,-1,-1
LINC00937,12,13,14,13,14,14,12,14,14,12,14,12,14,13,14,14,14,12,12,12,12,14,12,14,14,12,12,13,12,14
ENTPD1,5,10,11,10,11,11,5,11,11,5,11,5,11,10,11,11,11,5,5,6,5,11,6,11,11,5,6,10,5,11
LINC01644,-1,-1,-1,-1,-1,-1,-1,-1,-1,-1,-1,-1,-1,-1,-1,-1,-1,-1,-1,-1,-1,-1,-1,-1,-1,-1,-1,-1,-1,-1
KIF11,2,2,2,2,2,2,2,2,2,2,2,2,2,2,2,2,2,2,2,2,2,2,2,2,2,2,2,2,2,2
FPR3,10,10,11,10,11,11,10,11,11,10,11,10,11,10,11,11,11,10,10,10,10,11,10,11,11,10,10,10,10,11
CYFIP2,4,4,5,4,5,5,4,5,5,4,5,4,5,4,5,5,5,4,4,4,4,5,4,5,5,4,4,4,4,5
FCRL6,7,7,8,7,6,8,7,8,6,7,8,7,8,5,8,6,8,7,7,5,7,8,5,8,6,7,5,7,7,6
DAB1,7,7,8,7,6,8,7,8,6,7,8,7,8,5,8,6,8,7,7,5,7,8,5,8,6,7,5,7,7,6
PLXNC1,12,-1,-1,-1,-1,-1,11,-1,-1,12,-1,12,-1,-1,-1,-1,-1,11,12,11,11,-1,12,-1,-1,12,12,-1,12,-1
IL18RAP,-1,-1,-1,-1,6,-1,-1,-1,6,-1,-1,-1,-1,5,-1,6,-1,-1,-1,5,-1,-1,5,-1,6,-1,5,-1,-1,6
NOTCH2,11,12,12,12,12,12,11,12,12,11,12,11,12,12,12,12,12,11,11,11,11,12,11,12,12,11,11,12,11,12
PRKCQ-AS1,9,9,10,9,10,10,9,10,10,9,10,9,10,9,10,10,10,9,9,9,9,10,9,10,10,9,9,9,9,10
ARAP1,-1,-1,15,-1,15,15,11,15,15,-1,15,-1,15,-1,15,15,15,11,-1,11,11,15,-1,15,15,-1,-1,-1,-1,15
KAT2B,9,9,10,9,10,10,9,10,10,9,10,9,10,9,10,10,10,9,9,9,9,10,9,10,10,9,9,9,9,10
GLT1D1,12,13,14,13,14,14,12,14,14,12,14,12,14,13,14,14,14,12,12,12,12,14,12,14,14,12,12,13,12,14
P2RX1,11,11,16,11,16,16,11,16,16,11,16,11,16,11,16,16,16,11,11,11,11,16,11,16,16,11,11,11,11,16
SLCO3A1,12,-1,-1,-1,-1,-1,11,-1,-1,12,-1,12,-1,-1,-1,-1,-1,11,12,11,11,-1,12,-1,-1,12,12,-1,12,-1
CLIC2,1,1,13,1,13,13,1,13,13,1,13,1,13,1,13,13,13,1,1,1,1,13,1,13,13,1,1,1,1,13
KNL1,2,2,2,2,2,2,2,2,2,2,2,2,2,2,2,2,2,2,2,2,2,2,2,2,2,2,2,2,2,2
TOGARAM2,7,7,8,7,6,8,7,8,6,7,8,7,8,5,8,6,8,7,7,5,7,8,5,8,6,7,5,7,7,6
SAMHD1,-1,-1,15,-1,15,15,11,15,15,-1,15,-1,15,-1,15,15,15,11,-1,11,11,15,-1,15,15,-1,-1,-1,-1,15
ACER3,5,10,11,10,11,11,5,11,11,5,11,5,11,10,11,11,11,5,5,6,5,11,6,11,11,5,6,10,5,11
PATJ,9,9,10,9,10,10,9,10,10,9,10,9,10,9,10,10,10,9,9,9,9,10,9,10,10,9,9,9,9,10
SNX6,1,1,1,1,1,1,1,1,1,1,1,1,1,1,1,1,1,1,1,1,1,1,1,1,1,1,1,1,1,1
BACH1,11,12,12,12,12,12,11,12,12,11,12,11,12,12,12,12,12,11,11,11,11,12,11,12,12,11,11,12,11,12
SRGAP1,-1,-1,-1,-1,-1,-1,-1,-1,-1,-1,-1,-1,-1,-1,-1,-1,-1,-1,-1,-1,-1,-1,-1,-1,-1,-1,-1,-1,-1,-1
SRRM2,-1,-1,-1,-1,-1,-1,-1,-1,-1,-1,-1,-1,-1,-1,-1,-1,-1,-1,-1,-1,-1,-1,-1,-1,-1,-1,-1,-1,-1,-1
RNF165,7,7,8,7,6,8,7,8,6,7,8,7,8,5,8,6,8,7,7,5,7,8,5,8,6,7,5,7,7,6
SYTL2,-1,-1,-1,-1,6,-1,-1,-1,6,-1,-1,-1,-1,5,-1,-1,-1,-1,-1,5,-1,-1,5,-1,6,-1,-1,-1,-1,6
IFITM1,6,6,7,6,8,7,6,7,8,6,7,6,7,7,7,8,7,6,6,7,6,7,7,7,8,6,7,6,6,8
MT2A,15,16,19,16,19,19,15,19,19,15,19,15,19,16,19,19,19,15,15,15,15,19,15,19,19,15,15,16,15,19
PILRA,11,11,16,11,16,16,11,16,16,11,16,11,16,11,16,16,16,11,11,11,11,16,11,16,16,11,11,11,11,16
TMEM26,1,1,13,1,13,13,1,13,13,1,13,1,13,1,13,13,13,1,1,1,1,13,1,13,13,1,1,1,1,13
MPPED2,1,1,13,1,13,13,1,13,13,1,13,1,13,1,13,13,13,1,1,1,1,13,1,13,13,1,1,1,1,13
ALCAM,-1,-1,-1,-1,-1,-1,-1,-1,-1,-1,-1,-1,-1,-1,-1,-1,-1,-1,-1,-1,-1,-1,-1,-1,-1,-1,-1,-1,-1,-1
PPM1L,-1,-1,-1,-1,-1,-1,-1,-1,-1,-1,-1,-1,-1,-1,-1,-1,-1,-1,-1,-1,-1,-1,-1,-1,-1,-1,8,-1,-1,-1
RBL2,-1,4,-1,4,5,-1,-1,5,5,4,5,-1,-1,4,5,-1,-1,-1,4,4,4,5,4,5,5,4,-1,4,4,5
RASGEF1B,14,14,18,14,18,18,14,18,18,14,18,14,18,14,18,18,18,14,14,14,14,18,14,18,18,14,14,14,14,18
CTSW,6,6,7,6,8,7,6,7,8,6,7,6,7,7,7,8,7,6,6,7,6,7,7,7,8,6,7,6,6,8
GPR174,-1,-1,-1,-1,-1,-1,-1,-1,-1,-1,-1,-1,-1,-1,-1,-1,-1,-1,-1,-1,-1,-1,-1,-1,-1,-1,-1,-1,-1,-1
RASAL2,10,10,11,10,11,11,10,11,11,10,11,10,11,10,11,11,11,10,10,10,10,11,10,11,11,10,10,10,10,11
ZNF438,10,10,11,10,11,11,10,11,11,10,11,10,11,10,11,11,11,10,10,10,10,11,10,11,11,10,10,10,10,11
CST7,6,6,7,6,8,7,6,7,8,6,7,6,7,7,7,8,7,6,6,7,6,7,7,7,8,6,7,6,6,8
ADGRG3,7,7,8,7,6,8,7,8,6,7,8,7,8,5,8,6,8,7,7,5,7,8,5,8,6,7,5,7,7,6
RAB27A,-1,-1,-1,-1,-1,-1,-1,-1,-1,-1,-1,-1,-1,-1,-1,-1,-1,-1,-1,-1,-1,-1,-1,-1,-1,-1,-1,-1,-1,-1
AC007952.4,15,16,19,16,19,19,15,19,19,15,19,15,19,16,19,19,19,15,15,15,15,19,15,19,19,15,15,16,15,19
NFATC2,-1,-1,-1,-1,-1,-1,-1,-1,-1,-1,-1,-1,-1,-1,-1,-1,-1,-1,-1,-1,-1,-1,-1,-1,-1,-1,-1,-1,-1,-1
AC090559.1,11,11,16,11,16,16,11,16,16,11,16,11,16,11,16,16,16,11,11,11,11,16,11,16,16,11,11,11,11,16
HS3ST2,-1,-1,-1,-1,-1,-1,-1,-1,-1,-1,-1,-1,-1,-1,-1,-1,-1,-1,-1,-1,-1,-1,-1,-1,-1,-1,-1,-1,-1,-1
MBP,7,7,8,7,6,8,7,8,6,7,8,7,8,5,8,6,8,7,7,5,7,8,5,8,6,7,5,7,7,6
CEP170,10,10,11,10,11,11,10,11,11,10,11,10,11,10,11,11,11,10,10,10,10,11,10,11,11,10,10,10,10,11
SRGAP2,5,10,11,10,11,11,5,11,11,5,11,5,11,10,11,11,11,5,5,6,5,11,6,11,11,5,6,10,5,11
GIMAP7,6,6,7,6,8,7,6,7,8,6,7,6,7,7,7,8,7,6,6,7,6,7,7,7,8,6,7,6,6,8
FHIT,-1,-1,-1,-1,-1,-1,1,-1,-1,-1,-1,-1,-1,-1,-1,-1,-1,1,-1,1,1,-1,-1,-1,-1,-1,-1,-1,-1,-1
THBS1,12,13,-1,13,-1,-1,12,-1,-1,12,-1,12,-1,13,-1,-1,-1,12,12,12,12,-1,12,-1,-1,12,12,13,12,-1
FTH1,14,14,18,14,18,18,14,18,18,14,18,14,18,14,18,18,18,14,14,14,14,18,14,18,18,14,14,14,14,18
IL18,1,1,13,1,13,13,1,13,13,1,13,1,13,1,13,13,13,1,1,1,1,13,1,13,13,1,1,1,1,13
TTYH3,14,14,18,14,18,18,14,18,18,14,18,14,18,14,18,18,18,14,14,14,14,18,14,18,18,14,14,14,14,18
NCF2,11,12,12,12,12,12,11,12,12,11,12,11,12,12,12,12,12,11,11,11,11,12,11,12,12,11,11,12,11,12
ATP5F1E,6,6,7,6,8,7,6,7,8,6,7,6,7,7,7,8,7,6,6,7,6,7,7,7,8,6,7,6,6,8
SLCO4C1,8,8,9,8,9,9,8,9,9,8,9,8,9,8,9,9,9,8,8,8,8,9,8,9,9,8,8,8,8,9
STK17B,-1,-1,-1,-1,-1,-1,-1,-1,-1,-1,-1,-1,-1,-1,-1,-1,-1,-1,-1,-1,-1,-1,-1,-1,-1,-1,-1,-1,-1,-1
LINC01138,-1,4,-1,4,5,-1,-1,5,5,4,5,-1,-1,4,5,-1,-1,-1,4,4,4,5,4,5,5,4,-1,4,4,5
RNF149,11,12,12,12,12,12,11,12,12,11,12,11,12,12,12,12,12,11,11,11,11,12,11,12,12,11,11,12,11,12
ORM1,15,16,19,16,19,19,15,19,19,15,19,15,19,16,19,19,19,15,15,15,15,19,15,19,19,15,15,16,15,19
PRKCB,-1,-1,-1,-1,-1,-1,-1,-1,-1,-1,-1,-1,-1,-1,-1,-1,-1,-1,-1,-1,-1,-1,-1,-1,-1,-1,-1,-1,-1,-1
HSH2D,7,7,8,7,6,8,7,8,6,7,8,7,8,5,8,6,8,7,7,5,7,8,5,8,6,7,5,7,7,6
NHS,1,1,13,1,13,13,1,13,13,1,13,1,13,1,13,13,13,1,1,1,1,13,1,13,13,1,1,1,1,13
ADD3,-1,-1,-1,-1,-1,-1,-1,-1,-1,-1,-1,-1,-1,-1,-1,-1,-1,-1,-1,-1,-1,-1,-1,-1,-1,-1,-1,-1,-1,-1
TPX2,2,2,2,2,2,2,2,2,2,2,2,2,2,2,2,2,2,2,2,2,2,2,2,2,2,2,2,2,2,2
HIVEP2,9,9,10,9,10,10,9,10,10,9,10,9,10,9,10,10,10,9,9,9,9,10,9,10,10,9,9,9,9,10
NCOA1,7,7,8,7,6,8,7,8,6,7,8,7,8,5,8,6,8,7,7,5,7,8,5,8,6,7,5,7,7,6
CADM1,13,15,17,15,17,17,13,17,17,13,17,13,17,15,17,17,17,13,13,13,13,17,13,17,17,13,13,15,13,17
CLEC10A,13,15,17,15,17,17,13,17,17,13,17,13,17,15,17,17,17,13,13,13,13,17,13,17,17,13,13,15,13,17
TPT1,6,6,7,6,8,7,6,7,8,6,7,6,7,7,7,8,7,6,6,7,6,7,7,7,8,6,7,6,6,8
STK4,-1,-1,-1,-1,-1,-1,-1,-1,-1,-1,-1,-1,-1,-1,-1,-1,-1,-1,-1,-1,-1,-1,-1,-1,-1,-1,-1,-1,-1,-1
STX7,5,10,11,10,11,11,5,11,11,5,11,5,11,10,11,11,11,5,5,6,5,11,6,11,11,5,6,10,5,11
CYTIP,-1,-1,-1,-1,-1,-1,-1,-1,-1,-1,-1,-1,-1,-1,-1,-1,-1,-1,-1,-1,-1,-1,-1,-1,-1,-1,-1,-1,-1,-1
SPN,8,6,9,8,9,9,8,9,9,8,9,8,9,8,9,9,9,8,8,8,8,9,8,9,9,8,8,8,8,9
MELK,2,2,2,2,2,2,2,2,2,2,2,2,2,2,2,2,2,2,2,2,2,2,2,2,2,2,2,2,2,2
USP15,12,13,-1,13,-1,-1,12,-1,-1,12,-1,12,-1,13,-1,-1,-1,12,12,12,12,-1,12,-1,-1,12,12,13,12,-1
PTPN13,9,9,10,9,10,10,9,10,10,9,10,9,10,9,10,10,10,9,9,9,9,10,9,10,10,9,9,9,9,10
TRBC2,6,6,7,6,8,7,6,7,8,6,7,6,7,7,7,8,7,6,6,7,6,7,7,7,8,6,7,6,6,8
AC119396.1,9,9,10,9,10,10,9,10,10,9,10,9,10,9,10,10,10,9,9,9,9,10,9,10,10,9,9,9,9,10
CD8A,6,6,7,6,8,7,6,7,8,6,7,6,7,7,7,8,7,6,6,7,6,7,7,7,8,6,7,6,6,8
NRP2,10,10,11,10,11,11,10,11,11,10,11,10,11,10,11,11,11,10,10,10,10,11,10,11,11,10,10,10,10,11
XAF1,-1,-1,-1,-1,-1,-1,-1,-1,-1,-1,-1,-1,-1,-1,-1,-1,-1,-1,-1,-1,-1,-1,-1,-1,-1,-1,-1,-1,-1,-1
ARAP2,-1,-1,-1,-1,-1,-1,-1,-1,-1,-1,-1,-1,-1,-1,-1,-1,-1,-1,-1,-1,-1,-1,-1,-1,-1,-1,-1,-1,-1,-1
BTG1,-1,-1,-1,-1,-1,-1,-1,-1,-1,-1,-1,-1,-1,-1,-1,-1,-1,-1,-1,-1,-1,-1,-1,-1,-1,-1,-1,-1,-1,-1
DLEU1,-1,-1,-1,-1,-1,-1,-1,-1,-1,-1,-1,-1,-1,-1,-1,-1,-1,-1,-1,-1,-1,-1,-1,-1,-1,-1,-1,-1,-1,-1
AC079015.1,1,1,13,1,13,13,1,13,13,1,13,1,13,1,13,13,13,1,1,1,1,13,1,13,13,1,1,1,1,13
BUB1B,2,2,2,2,2,2,2,2,2,2,2,2,2,2,2,2,2,2,2,2,2,2,2,2,2,2,2,2,2,2
FARP1,-1,-1,-1,-1,-1,-1,1,-1,-1,-1,-1,-1,-1,-1,-1,-1,-1,1,-1,1,1,-1,-1,-1,-1,-1,-1,-1,-1,-1
DOCK2,-1,-1,-1,-1,-1,-1,-1,-1,-1,-1,-1,-1,-1,-1,-1,-1,-1,-1,-1,-1,-1,-1,-1,-1,-1,-1,-1,-1,-1,-1
H2AFY,5,10,11,10,11,11,5,11,11,5,11,5,11,10,11,11,11,5,5,6,5,11,6,11,11,5,6,10,5,11
FNBP1,-1,-1,-1,-1,-1,-1,-1,-1,-1,-1,-1,-1,-1,-1,-1,-1,-1,-1,-1,-1,-1,-1,-1,-1,-1,-1,-1,-1,-1,-1
RHOBTB1,1,1,13,1,13,13,1,13,13,1,13,1,13,1,13,13,13,1,1,1,1,13,1,13,13,1,1,1,1,13
MAML2,-1,-1,-1,-1,-1,-1,-1,-1,-1,-1,-1,-1,-1,-1,-1,-1,-1,-1,-1,-1,-1,-1,-1,-1,-1,-1,-1,-1,-1,-1
TSPAN4,1,1,-1,1,-1,-1,1,-1,-1,1,-1,1,-1,1,-1,-1,-1,1,1,1,1,-1,1,-1,-1,1,1,1,1,-1
CIT,2,2,2,2,2,2,2,2,2,2,2,2,2,2,2,2,2,2,2,2,2,2,2,2,2,2,2,2,2,2
SSBP3,8,8,9,8,9,9,8,9,9,8,9,8,9,8,9,9,9,8,8,8,8,9,8,9,9,8,8,8,8,9
HIP1,7,7,8,7,6,8,7,8,6,7,8,7,8,5,8,6,8,7,7,5,7,8,5,8,6,7,5,7,7,6
LITAF,-1,-1,-1,-1,-1,-1,-1,-1,-1,-1,-1,-1,-1,-1,-1,-1,-1,-1,-1,-1,-1,-1,-1,-1,-1,-1,-1,-1,-1,-1
CPM,10,10,11,10,11,11,10,11,11,10,11,10,11,10,11,11,11,10,10,10,10,11,10,11,11,10,10,10,10,11
AC243829.2,8,8,9,8,9,9,8,9,9,8,9,8,9,8,9,9,9,8,8,8,8,9,8,9,9,8,8,8,8,9
SLFN13,7,7,8,7,6,8,7,8,6,7,8,7,8,5,8,6,8,7,7,5,7,8,5,8,6,7,5,7,7,6
SSH2,12,13,-1,13,-1,-1,12,-1,-1,12,-1,12,-1,13,-1,-1,-1,12,12,12,12,-1,12,-1,-1,12,12,13,12,-1
ATP10A,8,8,9,8,9,9,8,9,9,8,9,8,9,8,9,9,9,8,8,8,8,9,8,9,9,8,8,8,8,9
RORA,9,9,10,9,10,10,9,10,10,9,10,9,10,9,10,10,10,9,9,9,9,10,9,10,10,9,9,9,9,10
AC006369.1,9,9,10,9,10,10,9,10,10,9,10,9,10,9,10,10,10,9,9,9,9,10,9,10,10,9,9,9,9,10
GCNT1,1,1,13,1,13,13,1,13,13,1,13,1,13,1,13,13,13,1,1,1,1,13,1,13,13,1,1,1,1,13
AC008771.1,-1,-1,-1,-1,-1,-1,-1,-1,-1,-1,-1,-1,-1,-1,-1,-1,-1,-1,-1,-1,-1,-1,-1,-1,-1,-1,-1,-1,-1,-1
MGLL,-1,-1,-1,-1,-1,-1,-1,-1,-1,-1,-1,-1,-1,-1,-1,-1,-1,-1,-1,-1,-1,-1,-1,-1,-1,-1,-1,-1,-1,-1
TTC28,-1,-1,-1,-1,-1,-1,1,-1,-1,-1,-1,-1,-1,-1,-1,-1,-1,1,-1,1,1,-1,-1,-1,-1,-1,-1,-1,-1,-1
NAGK,1,-1,-1,-1,-1,-1,1,-1,-1,1,-1,1,-1,-1,-1,-1,-1,1,1,1,1,-1,1,-1,-1,1,1,-1,1,-1
LILRB3,11,12,12,12,12,12,11,12,12,11,12,11,12,12,12,12,12,11,11,11,11,12,11,12,12,11,11,12,11,12
PLA2G15,1,1,-1,1,-1,-1,1,-1,-1,1,-1,1,-1,1,-1,-1,-1,1,1,1,1,-1,1,-1,-1,1,1,1,1,-1
RNASET2,1,-1,-1,-1,-1,-1,1,-1,-1,1,-1,1,-1,-1,-1,-1,-1,1,1,1,1,-1,1,-1,-1,1,1,-1,1,-1
RUBCNL,1,-1,-1,-1,-1,-1,1,-1,-1,1,-1,1,-1,-1,-1,-1,-1,1,1,1,1,-1,1,-1,-1,1,1,-1,1,-1
AKNA,-1,-1,-1,-1,-1,-1,-1,-1,-1,-1,-1,-1,-1,-1,-1,-1,-1,-1,-1,-1,-1,-1,-1,-1,-1,-1,-1,-1,-1,-1
RAB7B,13,15,17,15,17,17,13,17,17,13,17,13,17,15,17,17,17,13,13,13,13,17,13,17,17,13,13,15,13,17
LILRB2,11,11,16,11,16,16,11,16,16,11,16,11,16,11,16,16,16,11,11,11,11,16,11,16,16,11,11,11,11,16
SARAF,-1,-1,-1,-1,-1,-1,-1,-1,-1,-1,-1,-1,-1,-1,-1,-1,-1,-1,-1,-1,-1,-1,-1,-1,-1,-1,-1,-1,-1,-1
AGXT,15,16,19,16,19,19,15,19,19,15,19,15,19,16,19,19,19,15,15,15,15,19,15,19,19,15,15,16,15,19
SLC14A1,7,7,8,7,6,8,7,8,6,7,8,7,8,5,8,6,8,7,7,5,7,8,5,8,6,7,5,7,7,6
MYO15B,-1,-1,-1,-1,-1,-1,-1,-1,-1,-1,-1,-1,-1,-1,-1,-1,-1,-1,-1,-1,-1,-1,-1,-1,-1,-1,-1,-1,-1,-1
CCSER2,-1,-1,-1,-1,-1,-1,-1,-1,-1,-1,-1,-1,-1,-1,-1,-1,-1,-1,-1,-1,-1,-1,-1,-1,-1,-1,-1,-1,-1,-1
GNG2,8,8,9,8,9,9,8,9,9,8,9,8,9,8,9,9,9,8,8,8,8,9,8,9,9,8,8,8,8,9
APOB,15,16,19,16,19,19,15,19,19,15,19,15,19,16,19,19,19,15,15,15,15,19,15,19,19,15,15,16,15,19
ATP6V0A1,10,10,11,10,11,11,10,11,11,10,11,10,11,10,11,11,11,10,10,10,10,11,10,11,11,10,10,10,10,11
SLC38A6,10,10,11,10,11,11,10,11,11,10,11,10,11,10,11,11,11,10,10,10,10,11,10,11,11,10,10,10,10,11
FCGR2A,5,-1,12,-1,12,12,5,12,12,5,12,5,12,-1,12,12,12,5,5,6,5,12,6,12,12,5,6,-1,5,12
LGR6,8,8,9,8,9,9,8,9,9,8,9,8,9,8,9,9,9,8,8,8,8,9,8,9,9,8,8,8,8,9
CD36,12,13,14,13,14,14,12,14,14,12,14,12,14,13,14,14,14,12,12,12,12,14,12,14,14,12,12,13,12,14
EZH2,2,2,2,2,2,2,2,2,2,2,2,2,2,2,2,2,2,2,2,2,2,2,2,2,2,2,2,2,2,2
VCAM1,1,1,13,1,13,13,1,13,13,1,13,1,13,1,13,13,13,1,1,1,1,13,1,13,13,1,1,1,1,13
ASAH1,5,10,11,10,11,11,5,11,11,5,11,5,11,10,11,11,11,5,5,6,5,11,6,11,11,5,6,10,5,11
TRAC,6,6,7,6,8,7,6,7,8,6,7,6,7,7,7,8,7,6,6,7,6,7,7,7,8,6,7,6,6,8
P4HA1,14,14,18,14,18,18,14,18,18,14,18,14,18,14,18,18,18,14,14,14,14,18,14,18,18,14,14,14,14,18
ELMO1,13,15,17,15,17,17,13,17,17,13,17,13,17,15,17,17,17,13,13,13,13,17,13,17,17,13,13,15,13,17
FAM20C,-1,-1,-1,-1,-1,-1,-1,-1,-1,-1,-1,-1,-1,-1,-1,-1,-1,-1,-1,-1,-1,-1,-1,-1,-1,-1,-1,-1,-1,-1
TTC7B,-1,-1,-1,-1,-1,-1,1,-1,-1,-1,-1,-1,-1,-1,-1,-1,-1,1,-1,1,1,-1,-1,-1,-1,-1,-1,-1,-1,-1
ZNF516,13,15,17,15,17,17,13,17,17,13,17,13,17,15,17,17,17,13,13,13,13,17,13,17,17,13,13,15,13,17
CES1,15,16,19,16,19,19,15,19,19,15,19,15,19,16,19,19,19,15,15,15,15,19,15,19,19,15,15,16,15,19
RESF1,9,9,10,9,10,10,9,10,10,9,10,9,10,9,10,10,10,9,9,9,9,10,9,10,10,9,9,9,9,10
FRY,12,-1,-1,-1,-1,-1,-1,-1,-1,12,-1,12,-1,-1,-1,-1,-1,-1,12,-1,-1,-1,12,-1,-1,12,12,-1,12,-1
RGL3,1,1,-1,1,-1,-1,1,-1,-1,1,-1,1,-1,1,-1,-1,-1,1,1,1,1,-1,1,-1,-1,1,1,1,1,-1
PEAK1,14,14,18,14,18,18,14,18,18,14,18,14,18,14,18,18,18,14,14,14,14,18,14,18,18,14,14,14,14,18
MLXIPL,15,16,19,16,19,19,15,19,19,15,19,15,19,16,19,19,19,15,15,15,15,19,15,19,19,15,15,16,15,19
CD3E,6,6,7,6,8,7,6,7,8,6,7,6,7,7,7,8,7,6,6,7,6,7,7,7,8,6,7,6,6,8
FYB1,-1,-1,-1,-1,-1,-1,-1,-1,-1,-1,-1,-1,-1,-1,-1,-1,-1,-1,-1,-1,-1,-1,-1,-1,-1,-1,-1,-1,-1,-1
PRR5L,8,8,9,8,9,9,8,9,9,8,9,8,9,8,9,9,9,8,8,8,8,9,8,9,9,8,8,8,8,9
CCNJL,7,7,8,7,6,8,7,8,6,7,8,7,8,5,8,6,8,7,7,5,7,8,5,8,6,7,5,7,7,6
NR3C2,9,9,10,9,10,10,9,10,10,9,10,9,10,9,10,10,10,9,9,9,9,10,9,10,10,9,9,9,9,10
LY86,5,10,11,10,11,11,5,11,11,5,11,5,11,10,11,11,11,5,5,6,5,11,6,11,11,5,6,10,5,11
CD74,13,15,17,15,17,17,13,17,17,13,17,13,17,15,17,17,17,13,13,13,13,17,13,17,17,13,13,15,13,17
GOLGA8A,-1,-1,-1,-1,-1,-1,-1,-1,-1,-1,-1,-1,-1,-1,-1,-1,-1,-1,-1,-1,-1,-1,-1,-1,-1,-1,-1,-1,-1,-1
RIN2,5,5,15,5,15,15,5,15,15,5,15,5,15,6,15,15,15,5,5,6,5,15,6,15,15,5,6,5,5,15
RORA-AS1,-1,-1,-1,-1,-1,-1,-1,-1,-1,-1,-1,-1,-1,-1,-1,-1,-1,-1,-1,-1,-1,-1,-1,-1,-1,-1,-1,-1,-1,-1
CD7,8,8,9,8,9,9,8,9,9,8,9,8,9,8,9,9,9,8,8,8,8,9,8,9,9,8,8,8,8,9
ACTG1,6,6,7,6,8,7,6,7,8,6,7,6,7,7,7,8,7,6,6,7,6,7,7,7,8,6,7,6,6,8
ANKUB1,-1,-1,-1,-1,-1,-1,-1,-1,-1,-1,-1,-1,-1,-1,-1,-1,-1,-1,-1,-1,-1,-1,-1,-1,-1,-1,-1,-1,-1,-1
PIEZO2,1,-1,13,-1,13,13,1,13,13,1,13,1,13,-1,13,13,13,1,1,1,1,13,1,13,13,1,1,-1,1,13
GPR137B,10,10,11,10,11,11,10,11,11,10,11,10,11,10,11,11,11,10,10,10,10,11,10,11,11,10,10,10,10,11
GZMK,6,6,7,6,8,7,6,7,8,6,7,6,7,7,7,8,7,6,6,7,6,7,7,7,8,6,7,6,6,8
ATM,8,8,9,8,9,9,8,9,9,8,9,8,9,8,9,9,9,8,8,8,8,9,8,9,9,8,8,8,8,9
MRC2,10,10,-1,10,-1,-1,10,-1,-1,10,-1,10,-1,10,-1,-1,-1,10,10,10,10,-1,10,-1,-1,10,10,10,10,-1
VAV1,-1,-1,-1,-1,-1,-1,-1,-1,-1,-1,-1,-1,-1,-1,-1,-1,-1,-1,-1,-1,-1,-1,-1,-1,-1,-1,-1,-1,-1,-1
HLA-E,6,6,7,6,8,7,6,7,8,6,7,6,7,7,7,8,7,6,6,7,6,7,7,7,8,6,7,6,6,8
COL18A1,15,16,19,16,19,19,15,19,19,15,19,15,19,16,19,19,19,15,15,15,15,19,15,19,19,15,15,16,15,19
PRSS23,8,8,9,8,9,9,8,9,9,8,9,8,9,8,9,9,9,8,8,8,8,9,8,9,9,8,8,8,8,9
RBP4,15,16,19,16,19,19,15,19,19,15,19,15,19,16,19,19,19,15,15,15,15,19,15,19,19,15,15,16,15,19
RNF13,5,10,11,10,11,11,5,11,11,5,11,5,11,10,11,11,11,5,5,6,5,11,6,11,11,5,6,10,5,11
UGCG,14,14,18,14,18,18,14,18,18,14,18,14,18,14,18,18,18,14,14,14,14,18,14,18,18,14,14,14,14,18
TMEM131L,7,7,8,7,6,8,7,8,6,7,8,7,8,5,8,6,8,7,7,5,7,8,5,8,6,7,5,7,7,6
CHST12,7,7,8,7,6,8,7,8,6,7,8,7,8,5,8,6,8,7,7,5,7,8,5,8,6,7,5,7,7,6
SELENOP,-1,-1,-1,-1,-1,-1,-1,-1,-1,-1,-1,-1,-1,-1,-1,-1,-1,-1,-1,-1,-1,-1,-1,-1,-1,-1,-1,-1,-1,-1
MAF,-1,-1,-1,-1,-1,-1,-1,-1,-1,-1,-1,-1,-1,-1,-1,-1,-1,-1,-1,-1,-1,-1,-1,-1,-1,-1,-1,-1,-1,-1
YPEL1,7,7,8,7,6,8,7,8,6,7,8,7,8,5,8,6,8,7,7,5,7,8,5,8,6,7,5,7,7,6
PTPRM,1,-1,13,-1,13,13,1,13,13,1,13,1,13,-1,13,13,13,1,1,1,1,13,1,13,13,1,1,-1,1,13
TBC1D10C,-1,-1,-1,-1,-1,-1,-1,-1,-1,-1,-1,-1,-1,-1,-1,-1,-1,-1,-1,-1,-1,-1,-1,-1,-1,-1,-1,-1,-1,-1
DIP2B,1,-1,-1,-1,-1,-1,1,-1,-1,1,-1,1,-1,-1,-1,-1,-1,1,1,1,1,-1,1,-1,-1,1,1,-1,1,-1
MED13L,11,12,12,12,12,12,11,12,12,11,12,11,12,12,12,12,12,11,11,11,11,12,11,12,12,11,11,12,11,12
TIMP2,5,10,11,10,11,11,5,11,11,5,11,5,11,10,11,11,11,5,5,6,5,11,6,11,11,5,6,10,5,11
TBC1D16,-1,-1,-1,-1,-1,-1,1,-1,-1,-1,-1,-1,-1,-1,-1,-1,-1,1,-1,1,1,-1,-1,-1,-1,-1,-1,-1,-1,-1
AL035446.2,1,-1,13,-1,13,13,1,13,13,1,13,1,13,-1,13,13,13,-1,1,1,1,13,1,13,13,1,1,-1,1,13
GNG7,13,15,17,15,17,17,13,17,17,13,17,13,17,15,17,17,17,13,13,13,13,17,13,17,17,13,13,15,13,17
AC011586.2,-1,-1,-1,-1,-1,-1,-1,-1,-1,-1,-1,-1,-1,-1,-1,-1,-1,-1,-1,-1,-1,-1,-1,-1,-1,-1,-1,-1,-1,-1
ETNK1,-1,-1,13,-1,13,13,14,13,13,-1,13,-1,13,-1,13,13,13,1,-1,14,14,13,-1,13,13,-1,-1,-1,-1,13
MAP3K1,12,-1,-1,-1,-1,-1,-1,-1,-1,12,-1,12,-1,-1,-1,-1,-1,-1,12,-1,-1,-1,12,-1,-1,12,12,-1,12,-1
CD28,9,9,10,9,10,10,9,10,10,9,10,9,10,9,10,10,10,9,9,9,9,10,9,10,10,9,9,9,9,10
SEPTIN6,-1,-1,-1,-1,-1,-1,-1,-1,-1,-1,-1,-1,-1,-1,-1,-1,-1,-1,-1,-1,-1,-1,-1,-1,-1,-1,-1,-1,-1,-1
MLLT3,-1,-1,-1,-1,-1,-1,-1,-1,-1,-1,-1,-1,-1,-1,-1,-1,-1,-1,-1,-1,-1,-1,-1,-1,-1,-1,-1,-1,-1,-1
CARMIL1,-1,-1,-1,-1,-1,-1,-1,-1,-1,-1,-1,-1,-1,-1,-1,-1,-1,-1,-1,-1,-1,-1,-1,-1,-1,-1,-1,-1,-1,-1
IQGAP1,1,-1,-1,-1,-1,-1,-1,-1,-1,1,-1,1,-1,-1,-1,-1,-1,-1,1,-1,-1,-1,1,-1,-1,1,1,-1,1,-1
ITSN2,1,-1,-1,-1,-1,-1,-1,-1,-1,1,-1,1,-1,-1,-1,-1,-1,-1,1,-1,-1,-1,1,-1,-1,1,1,-1,1,-1
SORL1,9,9,10,9,10,10,9,10,10,9,10,9,10,9,10,10,10,9,9,9,9,10,9,10,10,9,9,9,9,10
HLA-DRA,13,15,17,15,17,17,13,17,17,13,17,13,17,15,17,17,17,13,13,13,13,17,13,17,17,13,13,15,13,17
ALPK1,1,-1,13,-1,13,13,1,13,13,1,13,1,13,-1,13,13,13,10,1,1,1,13,1,13,13,1,1,-1,1,13
DNAJC5,-1,-1,15,-1,15,15,11,15,15,-1,15,-1,15,-1,15,15,15,11,-1,11,11,15,-1,15,15,-1,-1,-1,-1,15
SLAMF6,-1,-1,-1,-1,-1,-1,-1,-1,-1,-1,-1,-1,-1,-1,-1,-1,-1,-1,-1,-1,-1,-1,-1,-1,-1,-1,-1,-1,-1,-1
KLRC2,8,8,9,8,9,9,8,9,9,8,9,8,9,8,9,9,9,8,8,8,8,9,8,9,9,8,8,8,8,9
MKNK1,1,1,13,1,13,13,1,13,13,1,13,1,13,1,13,13,13,1,1,1,1,13,1,13,13,1,1,1,1,13
EPS8,1,-1,11,-1,11,11,1,11,11,1,11,1,11,-1,11,11,11,1,1,1,1,11,1,11,11,1,1,-1,1,11
SLFN5,-1,-1,-1,-1,-1,-1,-1,-1,-1,-1,-1,-1,-1,-1,-1,-1,-1,-1,-1,-1,-1,-1,-1,-1,-1,-1,-1,-1,-1,-1
ZMIZ1,-1,-1,15,-1,15,15,11,15,15,-1,15,-1,15,-1,15,15,15,11,-1,11,11,15,-1,15,15,-1,-1,-1,-1,15
EHBP1L1,-1,-1,-1,-1,-1,-1,-1,-1,-1,-1,-1,-1,-1,-1,-1,-1,-1,-1,-1,-1,-1,-1,-1,-1,-1,-1,-1,-1,-1,-1
DIAPH3,2,2,2,2,2,2,2,2,2,2,2,2,2,2,2,2,2,2,2,2,2,2,2,2,2,2,2,2,2,2
DAB2,1,-1,13,-1,13,13,1,13,13,1,13,1,13,-1,13,13,13,1,1,1,1,13,1,13,13,1,1,-1,1,13
ABCB1,7,7,8,7,6,8,7,8,6,7,8,7,8,5,8,6,8,7,7,5,7,8,5,8,6,7,5,7,7,6
DOCK8,-1,-1,-1,-1,-1,-1,-1,-1,-1,-1,-1,-1,-1,-1,-1,-1,-1,-1,-1,-1,-1,-1,-1,-1,-1,-1,-1,-1,-1,-1
ARHGAP10,-1,-1,-1,-1,-1,-1,-1,-1,-1,-1,-1,-1,-1,-1,-1,-1,-1,-1,-1,-1,-1,-1,-1,-1,-1,-1,-1,-1,-1,-1
NFATC3,8,8,9,8,9,9,8,9,9,8,9,8,9,8,9,9,9,8,8,8,8,9,8,9,9,8,8,8,8,9
LINC01374,-1,-1,-1,-1,-1,-1,-1,-1,-1,-1,-1,-1,-1,-1,-1,-1,-1,-1,-1,-1,-1,-1,-1,-1,-1,-1,-1,-1,-1,-1
ESYT2,-1,-1,-1,-1,-1,-1,-1,-1,-1,-1,-1,-1,-1,-1,-1,-1,-1,-1,-1,-1,-1,-1,-1,-1,-1,-1,-1,-1,-1,-1
GAS2L3,10,10,11,10,11,11,10,11,11,10,11,10,11,10,11,11,11,10,10,10,10,11,10,11,11,10,10,10,10,11
SH2D3C,7,7,8,7,6,8,7,8,6,7,8,7,8,5,8,6,8,7,7,5,7,8,5,8,6,7,5,7,7,6
RAB10,5,-1,15,-1,15,15,5,15,15,5,15,5,15,-1,15,15,15,5,5,6,5,15,6,15,15,5,6,-1,5,15
SAA2,15,16,19,16,19,19,15,19,19,15,19,15,19,16,19,19,19,15,15,15,15,19,15,19,19,15,15,16,15,19
TIMD4,1,-1,13,-1,13,13,1,13,13,1,13,1,13,-1,13,13,13,1,1,1,1,13,1,13,13,1,1,-1,1,13
JAKMIP2,-1,-1,-1,-1,-1,-1,-1,-1,-1,-1,-1,-1,-1,-1,-1,-1,-1,-1,-1,-1,-1,-1,-1,-1,-1,-1,-1,-1,-1,-1
ITGA9-AS1,-1,-1,-1,-1,-1,-1,-1,-1,-1,-1,-1,-1,-1,-1,-1,-1,-1,-1,-1,-1,-1,-1,-1,-1,-1,-1,-1,-1,-1,-1
DLGAP5,2,2,2,2,2,2,2,2,2,2,2,2,2,2,2,2,2,2,2,2,2,2,2,2,2,2,2,2,2,2
ATXN1,-1,-1,-1,-1,-1,-1,-1,-1,-1,-1,-1,-1,-1,-1,-1,-1,-1,-1,-1,-1,-1,-1,-1,-1,-1,-1,-1,-1,-1,-1
AC020651.2,12,-1,16,-1,16,16,11,16,16,12,16,12,16,-1,16,16,16,11,12,11,11,16,12,16,16,12,12,-1,12,16
P2RY6,1,-1,-1,-1,-1,-1,1,-1,-1,1,-1,1,-1,-1,-1,-1,-1,1,1,1,1,-1,1,-1,-1,1,1,-1,1,-1
EMP3,6,6,7,6,8,7,6,7,8,6,7,6,7,7,7,8,7,6,6,7,6,7,7,7,8,6,7,6,6,8
KCNK13,10,10,-1,10,-1,-1,10,-1,-1,10,-1,10,-1,10,-1,-1,-1,10,10,10,10,-1,10,-1,-1,10,10,10,10,-1
PVT1,-1,-1,-1,-1,-1,-1,-1,-1,-1,-1,-1,-1,-1,-1,-1,-1,-1,-1,-1,-1,-1,-1,-1,-1,-1,-1,-1,-1,-1,-1
MFSD1,10,10,11,10,11,11,10,11,11,10,11,10,11,10,11,11,11,10,10,10,10,11,10,11,11,10,10,10,10,11
PDCD4,-1,-1,-1,-1,-1,-1,-1,-1,-1,-1,-1,-1,-1,-1,-1,-1,-1,-1,-1,-1,-1,-1,-1,-1,-1,-1,-1,-1,-1,-1
FGA,15,16,19,16,19,19,15,19,19,15,19,15,19,16,19,19,19,15,15,15,15,19,15,19,19,15,15,16,15,19
LINC00612,-1,-1,-1,-1,-1,-1,-1,-1,-1,-1,-1,-1,-1,-1,-1,-1,-1,-1,-1,-1,-1,-1,-1,-1,-1,-1,-1,-1,-1,-1
SPON1,-1,-1,-1,-1,-1,-1,-1,-1,-1,-1,-1,-1,-1,-1,-1,-1,-1,-1,-1,-1,-1,-1,-1,-1,-1,-1,-1,-1,-1,-1
MMP25-AS1,7,7,8,7,6,8,7,8,6,7,8,7,8,5,8,6,8,7,7,5,7,8,5,8,6,7,5,7,7,6
BCL11A,13,15,17,15,17,17,13,17,17,13,17,13,17,15,17,17,17,13,13,13,13,17,13,17,17,13,13,15,13,17
SCART1,-1,-1,-1,-1,-1,-1,-1,-1,-1,-1,-1,-1,-1,-1,-1,-1,-1,-1,-1,-1,-1,-1,-1,-1,-1,-1,-1,-1,-1,-1
CD300LF,11,11,16,11,16,16,11,16,16,11,16,11,16,11,16,16,16,11,11,11,11,16,11,16,16,11,11,11,11,16
IFNGR2,5,-1,15,-1,15,15,5,15,15,5,15,5,15,-1,15,15,15,5,5,6,5,15,6,15,15,5,6,-1,5,15
SH3KBP1,-1,-1,-1,-1,-1,-1,-1,-1,-1,-1,-1,-1,-1,-1,-1,-1,-1,-1,-1,-1,-1,-1,-1,-1,-1,-1,-1,-1,-1,-1
RBMS1,9,9,10,9,10,10,9,10,10,9,10,9,10,9,10,10,10,9,9,9,9,10,9,10,10,9,9,9,9,10
LAT2,7,7,8,7,6,8,7,8,6,7,8,7,8,5,8,6,8,7,7,5,7,8,5,8,6,7,5,7,7,6
CNR2,7,7,8,7,6,8,7,8,6,7,8,7,8,5,8,6,8,7,7,5,7,8,5,8,6,7,5,7,7,6
PPARGC1B,1,-1,-1,-1,-1,-1,1,-1,-1,1,-1,1,-1,-1,-1,-1,-1,1,1,1,1,-1,1,-1,-1,1,1,-1,1,-1
DRAM1,14,14,18,14,18,18,14,18,18,14,18,14,18,14,18,18,18,14,14,14,14,18,14,18,18,14,14,14,14,18
CLEC7A,11,12,12,12,12,12,11,12,12,11,12,11,12,12,12,12,12,11,11,11,11,12,11,12,12,11,11,12,11,12
APPL2,1,-1,13,-1,13,13,1,13,13,1,13,1,13,-1,13,13,13,1,1,1,1,13,1,13,13,1,1,-1,1,13
RGS3,7,7,8,7,6,8,7,8,6,7,8,7,8,5,8,6,8,7,7,5,7,8,5,8,6,7,5,7,7,6
AAK1,-1,9,-1,9,10,-1,-1,10,10,9,10,-1,-1,9,10,-1,-1,-1,9,9,9,10,9,10,10,9,-1,9,9,10
AL162414.1,1,-1,13,-1,13,13,1,13,13,1,13,1,13,-1,13,13,13,1,1,1,1,13,1,13,13,1,1,-1,1,13
TET3,5,-1,15,-1,15,15,5,15,15,5,15,5,15,-1,15,15,15,5,5,6,5,15,6,15,15,5,6,-1,5,15
C9orf72,11,12,12,12,12,12,11,12,12,11,12,11,12,12,12,12,12,11,11,11,11,12,11,12,12,11,11,12,11,12
GK5,8,8,9,8,9,9,8,9,9,8,9,8,9,8,9,9,9,8,8,8,8,9,8,9,9,8,8,8,8,9
KIAA0513,11,11,16,11,16,16,11,16,16,11,16,11,16,11,16,16,16,11,11,11,11,16,11,16,16,11,11,11,11,16
CYP2E1,15,16,19,16,19,19,15,19,19,15,19,15,19,16,19,19,19,15,15,15,15,19,15,19,19,15,15,16,15,19
ARGLU1,-1,-1,-1,-1,-1,-1,-1,-1,-1,-1,-1,-1,-1,-1,-1,-1,-1,-1,-1,-1,-1,-1,-1,-1,-1,-1,-1,-1,-1,-1
GLUL,14,14,18,14,18,18,14,18,18,14,18,14,18,14,18,18,18,14,14,14,14,18,14,18,18,14,14,14,14,18
FLNA,6,6,7,6,8,7,6,7,8,6,7,6,7,7,7,8,7,6,6,7,6,7,7,7,8,6,7,6,6,8
STK10,-1,-1,-1,-1,-1,-1,-1,-1,-1,-1,-1,-1,-1,-1,-1,-1,-1,-1,-1,-1,-1,-1,-1,-1,-1,-1,-1,-1,-1,-1
FGD6,1,-1,13,-1,13,13,1,13,13,1,13,1,13,-1,13,13,13,1,1,1,1,13,1,13,13,1,1,-1,1,13
CYTH1,8,8,9,8,9,9,8,9,9,8,9,8,9,8,9,9,9,8,8,8,8,9,8,9,9,8,8,8,8,9
ANKH,10,10,11,10,11,11,10,11,11,10,11,10,11,10,11,11,11,10,10,10,10,11,10,11,11,10,10,10,10,11
TFDP2,8,8,9,8,9,9,8,9,9,8,9,8,9,8,9,9,9,8,8,8,8,9,8,9,9,8,8,8,8,9
GOLGA8B,-1,-1,-1,-1,-1,-1,-1,-1,-1,-1,-1,-1,-1,-1,-1,-1,-1,-1,-1,-1,-1,-1,-1,-1,-1,-1,-1,-1,-1,-1
FCRL3,8,8,9,8,9,9,8,9,9,8,9,8,9,8,9,9,9,8,8,8,8,9,8,9,9,8,8,8,8,9
TBC1D9,5,10,11,10,11,11,5,11,11,5,11,5,11,10,11,11,11,5,5,6,5,11,6,11,11,5,6,10,5,11
YES1,7,7,8,7,6,8,7,8,6,7,8,7,8,5,8,6,8,7,7,5,7,8,5,8,6,7,5,7,7,6
ITPR2,15,-1,19,-1,19,19,-1,19,19,15,19,15,19,-1,19,19,19,-1,15,-1,-1,19,15,19,19,15,15,-1,15,19
LPCAT2,1,-1,13,-1,13,13,1,13,13,1,13,1,13,-1,13,13,13,5,1,1,1,13,1,13,13,1,1,-1,1,13
HK3,1,-1,-1,-1,-1,-1,1,-1,-1,1,-1,1,-1,-1,-1,-1,-1,1,1,1,1,-1,1,-1,-1,1,1,-1,1,-1
ATP11A,-1,-1,15,-1,15,15,11,15,15,-1,15,-1,15,-1,15,15,15,11,-1,11,11,15,-1,15,15,-1,-1,-1,-1,15
EXOC6B,1,-1,13,-1,13,13,1,13,13,1,13,1,13,-1,13,13,13,1,1,1,1,13,1,13,13,1,1,-1,1,13
JARID2,-1,-1,-1,-1,-1,-1,-1,-1,-1,-1,-1,-1,-1,-1,-1,-1,-1,-1,-1,-1,-1,-1,-1,-1,-1,-1,-1,-1,-1,-1
LINC02432,12,-1,16,-1,16,16,11,16,16,12,16,12,16,-1,16,16,16,11,12,11,11,16,12,16,16,12,12,-1,12,16
IDO1,13,15,17,15,17,17,13,17,17,13,17,13,17,15,17,17,17,13,13,13,13,17,13,17,17,13,13,15,13,17
MTRNR2L12,12,-1,-1,-1,-1,-1,-1,-1,-1,12,-1,12,-1,-1,-1,-1,-1,-1,12,-1,-1,-1,12,-1,-1,12,12,-1,12,-1
PICALM,12,13,-1,13,-1,-1,12,-1,-1,12,-1,12,-1,13,-1,-1,-1,12,12,12,12,-1,12,-1,-1,12,12,13,12,-1
EPHA4,9,9,10,9,10,10,9,10,10,9,10,9,10,9,10,10,10,9,9,9,9,10,9,10,10,9,9,9,9,10
CD226,-1,9,-1,9,10,-1,-1,10,10,9,10,-1,-1,9,10,-1,-1,-1,9,9,9,10,9,10,10,9,-1,9,9,10
GRB2,5,-1,15,-1,15,15,5,15,15,5,15,5,15,-1,15,15,15,5,5,6,5,15,6,15,15,5,6,-1,5,15
KIFC1,2,2,2,2,2,2,2,2,2,2,2,2,2,2,2,2,2,2,2,2,2,2,2,2,2,2,2,2,2,2
RAP1B,8,8,9,8,9,9,8,9,9,8,9,8,9,8,9,9,9,8,8,8,8,9,8,9,9,8,8,8,8,9
PSTPIP1,7,7,8,7,6,8,7,8,6,7,8,7,8,5,8,6,8,7,7,5,7,8,5,8,6,7,5,7,7,6
TMTC2,12,13,14,13,14,14,12,14,14,12,14,12,14,13,14,14,14,12,12,12,12,14,12,14,14,12,12,13,12,14
SPECC1,7,7,8,7,-1,8,7,8,-1,7,8,7,8,-1,8,6,8,7,7,-1,7,8,-1,8,-1,7,5,7,7,-1
AC245297.3,-1,-1,-1,-1,-1,-1,-1,-1,-1,-1,-1,-1,-1,-1,-1,-1,-1,-1,-1,-1,-1,-1,-1,-1,-1,-1,-1,-1,-1,-1
TFEC,10,10,11,10,11,11,10,11,11,10,11,10,11,10,11,11,11,10,10,10,10,11,10,11,11,10,10,10,10,11
VAV3,7,7,8,7,6,8,7,8,6,7,8,7,8,5,8,6,8,7,7,5,7,8,5,8,6,7,5,7,7,6
DOCK10,-1,-1,-1,-1,-1,-1,-1,-1,-1,-1,-1,-1,-1,-1,-1,-1,-1,-1,-1,-1,-1,-1,-1,-1,-1,-1,-1,-1,-1,-1
NCOR2,-1,-1,15,-1,15,15,11,15,15,-1,15,-1,15,-1,15,15,15,11,-1,11,11,15,-1,15,15,-1,-1,-1,-1,15
APOLD1,2,2,2,2,2,2,2,2,2,2,2,2,2,2,2,2,2,2,2,2,2,2,2,2,2,2,2,2,2,2
ATF7IP2,9,9,10,9,10,10,9,10,10,9,10,9,10,9,10,10,10,9,9,9,9,10,9,10,10,9,9,9,9,10
ADARB1,-1,-1,-1,-1,-1,-1,-1,-1,-1,-1,-1,-1,-1,-1,-1,-1,-1,-1,-1,-1,-1,-1,-1,-1,-1,-1,-1,-1,-1,-1
CORO1A,6,6,7,6,8,7,6,7,8,6,7,6,7,7,7,8,7,6,6,7,6,7,7,7,8,6,7,6,6,8
PAK1,13,15,17,15,17,17,13,17,17,13,17,13,17,15,17,17,17,13,13,13,13,17,13,17,17,13,13,15,13,17
SOS1,-1,-1,-1,-1,-1,-1,-1,-1,-1,-1,-1,-1,-1,-1,-1,-1,-1,-1,-1,-1,-1,-1,-1,-1,-1,-1,-1,-1,-1,-1
BLVRB,1,-1,-1,-1,-1,-1,1,-1,-1,1,-1,1,-1,-1,-1,-1,-1,1,1,1,1,-1,1,-1,-1,1,1,-1,1,-1
KIF2A,-1,-1,-1,-1,-1,-1,-1,-1,-1,-1,-1,-1,-1,-1,-1,-1,-1,-1,-1,-1,-1,-1,-1,-1,-1,-1,-1,-1,-1,-1
PIK3R3,1,-1,13,-1,13,13,1,13,13,1,13,1,13,-1,13,13,13,1,1,1,1,13,1,13,13,1,1,-1,1,13
AC010609.1,-1,-1,-1,-1,-1,-1,-1,-1,-1,-1,-1,-1,-1,-1,-1,-1,-1,-1,-1,-1,-1,-1,-1,-1,-1,-1,-1,-1,-1,-1
PLBD1,12,13,14,13,14,14,12,14,14,12,14,12,14,13,14,14,14,12,12,12,12,14,12,14,14,12,12,13,12,14
CEMIP2,12,-1,-1,-1,-1,-1,-1,-1,-1,12,-1,12,-1,-1,-1,-1,-1,-1,12,-1,-1,-1,-1,-1,-1,12,12,-1,12,-1
LINC01645,1,-1,13,-1,13,13,1,13,13,1,13,1,13,-1,13,13,13,1,1,1,1,13,1,13,13,1,1,-1,1,13
MYL12A,6,6,7,6,8,7,6,7,8,6,7,6,7,7,7,8,7,6,6,7,6,7,7,7,8,6,7,6,6,8
TANC2,7,7,8,7,-1,8,7,8,-1,7,8,7,8,-1,8,6,8,7,7,-1,7,8,-1,8,-1,7,5,7,7,-1
NHSL1,-1,-1,-1,-1,-1,-1,1,-1,-1,-1,-1,-1,-1,-1,-1,-1,-1,1,-1,1,1,-1,-1,-1,-1,-1,-1,-1,-1,-1
BIN2,8,8,9,8,9,9,8,9,9,8,9,8,9,8,9,9,9,8,8,8,8,9,8,9,9,8,8,8,8,9
CCR6,9,9,10,9,10,10,9,10,10,9,10,9,10,9,10,10,10,9,9,9,9,10,9,10,10,9,9,9,9,10
KIF16B,13,15,17,15,17,17,13,17,17,13,17,13,17,15,17,17,17,13,13,13,13,17,13,17,17,13,13,15,13,17
SOBP,1,-1,13,-1,13,13,1,13,13,1,13,1,13,-1,13,13,13,1,1,1,1,13,1,13,13,1,1,-1,1,13
SMAD3,-1,-1,-1,-1,-1,-1,-1,-1,-1,-1,-1,-1,-1,-1,-1,-1,-1,-1,-1,-1,-1,-1,-1,-1,-1,-1,-1,-1,-1,-1
CKLF,6,6,7,6,8,7,6,7,8,6,7,6,7,7,7,8,7,6,6,7,6,7,7,7,8,6,7,6,6,8
KSR1,12,-1,16,-1,16,16,11,16,16,12,16,12,16,-1,16,16,16,11,12,11,11,16,12,16,16,12,12,-1,12,16
CDC25C,2,2,2,2,2,2,2,2,2,2,2,2,2,2,2,2,2,2,2,2,2,2,2,2,2,2,2,2,2,2
A2M-AS1,-1,-1,-1,-1,-1,-1,-1,-1,-1,-1,-1,-1,-1,-1,-1,-1,-1,-1,-1,-1,-1,-1,-1,-1,-1,-1,-1,-1,-1,-1
CXCR4,-1,-1,-1,-1,-1,-1,-1,-1,-1,-1,-1,-1,-1,-1,-1,-1,-1,-1,-1,-1,-1,-1,-1,-1,-1,-1,-1,-1,-1,-1
CD8B,-1,-1,-1,-1,-1,-1,-1,-1,-1,-1,-1,-1,-1,-1,-1,-1,-1,-1,-1,-1,-1,-1,-1,-1,-1,-1,-1,-1,-1,-1
BCAT1,14,14,18,14,18,18,14,18,18,14,18,14,18,14,18,18,18,14,14,14,14,18,14,18,18,14,14,14,14,18
ARID5B,12,-1,-1,-1,-1,-1,-1,-1,-1,12,-1,12,-1,-1,-1,-1,-1,-1,12,-1,-1,-1,-1,-1,-1,12,12,-1,12,-1
COLGALT1,1,-1,-1,-1,-1,-1,1,-1,-1,1,-1,1,-1,-1,-1,-1,-1,1,1,1,1,-1,1,-1,-1,1,1,-1,1,-1
KIF14,2,2,2,2,2,2,2,2,2,2,2,2,2,2,2,2,2,2,2,2,2,2,2,2,2,2,2,2,2,2
CEP85L,-1,-1,-1,-1,-1,-1,-1,-1,-1,-1,-1,-1,-1,-1,-1,-1,-1,-1,-1,-1,-1,-1,-1,-1,-1,-1,-1,-1,-1,-1
CABP4,-1,-1,-1,-1,-1,-1,-1,-1,-1,-1,-1,-1,-1,-1,-1,-1,-1,-1,-1,-1,-1,-1,-1,-1,-1,-1,-1,-1,-1,-1
CLIC3,8,8,9,8,9,9,8,9,9,8,9,8,9,8,9,9,9,8,8,8,8,9,8,9,9,8,8,8,8,9
NOL4L,7,7,8,7,6,8,7,8,6,7,8,7,8,5,8,6,8,7,7,5,7,8,5,8,6,7,5,7,7,6
LINC00243,9,9,10,9,10,10,9,10,10,9,10,9,10,9,10,10,10,9,9,9,9,10,9,10,10,9,9,9,9,10
TNIP3,-1,-1,-1,-1,-1,-1,-1,-1,-1,-1,-1,-1,-1,-1,-1,-1,-1,-1,-1,-1,-1,-1,-1,-1,-1,-1,-1,-1,-1,-1
TRABD2A,9,9,10,9,10,10,9,10,10,9,10,9,10,9,10,10,10,9,9,9,9,10,9,10,10,9,9,9,9,10
C1QB,-1,-1,-1,-1,-1,-1,-1,-1,-1,-1,-1,-1,-1,-1,-1,-1,-1,-1,-1,-1,-1,-1,-1,-1,-1,-1,-1,-1,-1,-1
MIAT,-1,-1,-1,-1,-1,-1,-1,-1,-1,-1,-1,-1,-1,-1,-1,-1,-1,-1,-1,-1,-1,-1,-1,-1,-1,-1,-1,-1,-1,-1
C21orf58,2,2,2,2,2,2,2,2,2,2,2,2,2,2,2,2,2,2,2,2,2,2,2,2,2,2,2,2,2,2
CYP4F3,15,16,19,16,19,19,15,19,19,15,19,15,19,16,19,19,19,15,15,15,15,19,15,19,19,15,15,16,15,19
S100A8,12,13,14,13,14,14,12,14,14,12,14,12,14,13,14,14,14,12,12,12,12,14,12,14,14,12,12,13,12,14
ITGB5,-1,-1,-1,-1,-1,-1,1,-1,-1,-1,-1,-1,-1,-1,-1,-1,-1,1,-1,1,1,-1,-1,-1,-1,-1,-1,-1,-1,-1
THOC3,9,9,10,9,10,10,9,10,10,9,10,9,10,9,10,10,10,9,9,9,9,10,9,10,10,9,9,9,9,10
ADGRE5,7,7,8,7,6,8,7,8,6,7,8,7,8,5,8,6,8,7,7,5,7,8,5,8,6,7,5,7,7,6
XIST,-1,-1,-1,-1,-1,-1,-1,-1,-1,-1,-1,-1,-1,-1,-1,-1,-1,-1,-1,-1,-1,-1,-1,-1,-1,-1,-1,-1,-1,-1
RASAL3,-1,-1,-1,-1,-1,-1,-1,-1,-1,-1,-1,-1,-1,-1,-1,-1,-1,-1,-1,-1,-1,-1,-1,-1,-1,-1,-1,-1,-1,-1
ASGR1,15,16,19,16,19,19,15,19,19,15,19,15,19,16,19,19,19,15,15,15,15,19,15,19,19,15,15,16,15,19
SIRPB2,11,12,12,12,12,12,11,12,12,11,12,11,12,12,12,12,12,11,11,11,11,12,11,12,12,11,11,12,11,12
SH3BGRL3,6,6,7,6,8,7,6,7,8,6,7,6,7,7,7,8,7,6,6,7,6,7,7,7,8,6,7,6,6,8
MCUB,9,9,10,9,10,10,9,10,10,9,10,9,10,9,10,10,10,9,9,9,9,10,9,10,10,9,9,9,9,10
TET2,11,12,12,12,12,12,11,12,12,11,12,11,12,12,12,12,12,11,11,11,11,12,11,12,12,11,11,12,11,12
LINC00342,-1,-1,-1,-1,-1,-1,-1,-1,-1,-1,-1,-1,-1,-1,-1,-1,-1,-1,-1,-1,-1,-1,-1,-1,-1,-1,-1,-1,-1,-1
CFL1,6,6,7,6,8,7,6,7,8,6,7,6,7,7,7,8,7,6,6,7,6,7,7,7,8,6,7,6,6,8
P2RY14,13,15,17,15,17,17,13,17,17,13,17,13,17,15,17,17,17,13,13,13,13,17,13,17,17,13,13,15,13,17
TRAT1,9,9,10,9,10,10,9,10,10,9,10,9,10,9,10,10,10,9,9,9,9,10,9,10,10,9,9,9,9,10
STAB1,15,16,19,16,19,19,15,19,19,15,19,15,19,16,19,19,19,15,15,15,15,19,15,19,19,15,15,16,15,19
ADAM23,9,9,10,9,10,10,9,10,10,9,10,9,10,9,10,10,10,9,9,9,9,10,9,10,10,9,9,9,9,10
A2M,-1,-1,-1,-1,-1,-1,-1,-1,-1,-1,-1,-1,-1,-1,-1,-1,-1,-1,-1,-1,-1,-1,-1,-1,-1,-1,-1,-1,-1,-1
ZNF331,14,14,18,14,18,18,14,18,18,14,18,14,18,14,18,18,18,14,14,14,14,18,14,18,18,14,14,14,14,18
NCAPG,2,2,2,2,2,2,2,2,2,2,2,2,2,2,2,2,2,2,2,2,2,2,2,2,2,2,2,2,2,2
HPN,15,16,19,16,19,19,15,19,19,15,19,15,19,16,19,19,19,15,15,15,15,19,15,19,19,15,15,16,15,19
ARHGAP31,-1,-1,18,-1,18,18,-1,18,18,-1,18,-1,18,-1,18,18,18,-1,-1,-1,-1,18,-1,18,18,-1,-1,-1,-1,18
TGFBI,5,-1,15,-1,15,15,5,15,15,5,15,5,15,-1,15,15,15,5,5,6,5,15,6,15,15,5,6,-1,5,15
APBA1,-1,-1,-1,-1,-1,-1,1,-1,-1,-1,-1,-1,-1,-1,-1,-1,-1,1,-1,1,1,-1,-1,-1,-1,-1,-1,-1,-1,-1
ADGRE3,12,-1,16,-1,16,16,11,16,16,12,16,12,16,-1,16,16,16,11,12,11,11,16,12,16,16,12,12,-1,12,16
KLRC1,7,7,8,7,6,8,7,8,6,7,8,7,8,5,8,6,8,7,7,5,7,8,5,8,6,7,5,7,7,6
ANTXR2,9,9,10,9,10,10,9,10,10,9,10,9,10,9,10,10,10,9,9,9,9,10,9,10,10,9,9,9,9,10
LINC01871,6,6,7,6,8,7,6,7,8,6,7,6,7,7,7,8,7,6,6,7,6,7,7,7,8,6,7,6,6,8
TBC1D31,7,7,8,7,6,8,7,8,6,7,8,7,8,5,8,6,8,7,7,5,7,8,5,8,6,7,5,7,7,6
MAP4K4,-1,-1,-1,-1,-1,-1,-1,-1,-1,-1,-1,-1,-1,-1,-1,-1,-1,-1,-1,-1,-1,-1,-1,-1,-1,-1,-1,-1,-1,-1
NRG1,12,13,-1,13,-1,-1,12,-1,-1,12,-1,12,-1,13,-1,-1,-1,12,12,12,12,-1,12,-1,-1,12,12,13,12,-1
ERN1,-1,-1,-1,-1,-1,-1,-1,-1,-1,-1,-1,-1,-1,-1,-1,-1,-1,-1,-1,-1,-1,-1,-1,-1,-1,-1,-1,-1,-1,-1
NFAM1,-1,-1,15,-1,15,15,11,15,15,-1,15,-1,15,-1,15,15,15,11,-1,11,11,15,-1,15,15,-1,-1,-1,-1,15
PGGHG,-1,-1,-1,-1,-1,-1,-1,-1,-1,-1,-1,-1,-1,-1,-1,-1,-1,-1,-1,-1,-1,-1,-1,-1,-1,-1,-1,-1,-1,-1
PDE4D,-1,-1,-1,-1,-1,-1,-1,-1,-1,-1,-1,-1,-1,-1,-1,-1,-1,-1,-1,-1,-1,-1,-1,-1,-1,-1,-1,-1,-1,-1
CALM1,6,6,7,6,8,7,6,7,8,6,7,6,7,7,7,8,7,6,6,7,6,7,7,7,8,6,7,6,6,8
SYNRG,-1,-1,-1,-1,-1,-1,-1,-1,-1,-1,-1,-1,-1,-1,-1,-1,-1,-1,-1,-1,-1,-1,-1,-1,-1,-1,-1,-1,-1,-1
ZC3HAV1,-1,-1,-1,-1,-1,-1,-1,-1,-1,-1,-1,-1,-1,-1,-1,-1,-1,-1,-1,-1,-1,-1,-1,-1,-1,-1,-1,-1,-1,-1
UVRAG,13,15,17,15,17,17,13,17,17,13,17,13,17,15,17,17,17,13,13,13,13,17,13,17,17,13,13,15,13,17
RGS2,12,13,-1,13,-1,-1,12,-1,-1,12,-1,12,-1,13,-1,-1,-1,12,12,12,12,-1,12,-1,-1,12,12,13,12,-1
PADI4,12,13,14,13,14,14,12,14,14,12,14,12,14,13,14,14,14,12,12,12,12,14,12,14,14,12,12,13,12,14
APOH,15,16,19,16,19,19,15,19,19,15,19,15,19,16,19,19,19,15,15,15,15,19,15,19,19,15,15,16,15,19
INPP5D,-1,-1,-1,-1,-1,-1,-1,-1,-1,-1,-1,-1,-1,-1,-1,-1,-1,-1,-1,-1,-1,-1,-1,-1,-1,-1,-1,-1,-1,-1
ABCC3,-1,-1,-1,-1,-1,-1,1,-1,-1,-1,-1,-1,-1,-1,-1,-1,-1,1,-1,1,1,-1,-1,-1,-1,-1,-1,-1,-1,-1
JAK3,-1,-1,-1,-1,-1,-1,-1,-1,-1,-1,-1,-1,-1,-1,-1,-1,-1,-1,-1,-1,-1,-1,-1,-1,-1,-1,-1,-1,-1,-1
ZCCHC7,-1,-1,-1,-1,-1,-1,-1,-1,-1,-1,-1,-1,-1,-1,-1,-1,-1,-1,-1,-1,-1,-1,-1,-1,-1,-1,-1,-1,-1,-1
AC092546.1,13,15,17,15,17,17,13,17,17,13,17,13,17,15,17,17,17,13,13,13,13,17,13,17,17,13,13,15,13,17
SLC22A7,15,16,19,16,19,19,15,19,19,15,19,15,19,16,19,19,19,15,15,15,15,19,15,19,19,15,15,16,15,19
GK,12,13,-1,13,-1,-1,12,-1,-1,12,-1,12,-1,13,-1,-1,-1,12,12,12,12,-1,12,-1,-1,12,12,13,12,-1
VCL,8,8,9,8,9,9,8,9,9,8,9,8,9,8,9,9,9,8,8,8,8,9,8,9,9,8,8,8,8,9
FLVCR2,-1,-1,11,-1,11,11,-1,11,11,-1,11,-1,11,-1,11,11,11,-1,-1,-1,-1,11,-1,11,11,-1,-1,-1,-1,11
NFIA,15,-1,19,-1,19,19,-1,19,19,15,19,15,19,-1,19,19,19,-1,15,-1,-1,19,15,19,19,15,15,-1,15,19
GLS,-1,-1,-1,-1,-1,-1,-1,-1,-1,-1,-1,-1,-1,-1,-1,-1,-1,-1,-1,-1,-1,-1,-1,-1,-1,-1,-1,-1,-1,-1
CRIP1,6,6,7,6,8,7,6,7,8,6,7,6,7,7,7,8,7,6,6,7,6,7,7,7,8,6,7,6,6,8
SLAMF7,7,7,8,7,6,8,7,8,6,7,8,7,8,5,8,6,8,7,7,5,7,8,5,8,6,7,5,7,7,6
PREX1,-1,-1,-1,-1,-1,-1,-1,-1,-1,-1,-1,-1,-1,-1,-1,-1,-1,-1,-1,-1,-1,-1,-1,-1,-1,-1,-1,-1,-1,-1
ABHD15-AS1,12,13,-1,13,-1,-1,12,-1,-1,12,-1,12,-1,13,-1,-1,-1,12,12,12,12,-1,12,-1,-1,12,12,13,12,-1
STIL,2,2,2,2,2,2,2,2,2,2,2,2,2,2,2,2,2,2,2,2,2,2,2,2,2,2,2,2,2,2
DHRS9,-1,-1,-1,-1,-1,-1,-1,-1,-1,-1,-1,-1,-1,-1,-1,-1,-1,-1,-1,-1,-1,-1,-1,-1,-1,-1,-1,-1,-1,-1
AC013652.1,-1,-1,-1,-1,-1,-1,-1,-1,-1,-1,-1,-1,-1,-1,-1,-1,-1,-1,-1,-1,-1,-1,-1,-1,-1,-1,-1,-1,-1,-1
BCL6,13,15,17,15,17,17,13,17,17,13,17,13,17,15,17,17,17,13,13,13,13,17,13,17,17,13,13,15,13,17
MYH9,-1,-1,-1,-1,-1,-1,-1,-1,-1,-1,-1,-1,-1,-1,-1,-1,-1,-1,-1,-1,-1,-1,-1,-1,-1,-1,-1,-1,-1,-1
TLR4,1,-1,13,-1,13,13,1,13,13,1,13,1,13,-1,13,13,13,1,1,1,1,13,1,13,13,1,1,-1,1,13
ITGB1,9,9,10,9,10,10,9,10,10,9,10,9,10,9,10,10,10,9,9,9,9,10,9,10,10,9,9,9,9,10
DIAPH1,-1,-1,-1,-1,-1,-1,-1,-1,-1,-1,-1,-1,-1,-1,-1,-1,-1,-1,-1,-1,-1,-1,-1,-1,-1,-1,-1,-1,-1,-1
TTC39B,-1,-1,-1,-1,-1,-1,-1,-1,-1,-1,-1,-1,-1,-1,-1,-1,-1,-1,-1,-1,-1,-1,-1,-1,-1,-1,-1,-1,-1,-1
OPRM1,-1,-1,-1,-1,-1,-1,-1,-1,-1,-1,-1,-1,-1,-1,-1,-1,-1,-1,-1,-1,-1,-1,-1,-1,-1,-1,-1,-1,-1,-1
